Población.Otros datos de población.Indicadores de población. Grado de juventud de los menores de 45 años. Unidad: Porcentaje. Fuente: Dirección General de Economía de la Comunidad de Madrid.;
Serie;;;1996;1998;1999;2000;2001;2002;2003;2004;2005;2006;2007;2008;2009;2010;2011;2012;2013;2014;2015;2016;2017;2018;2019;2020;2021;2022;2023
Comunidad de Madrid;;Comunidad de Madrid;63.48;63.44;62.47;62.82;62.86;62.66;62.86;62.61;62.57;62.14;62.18;61.85;61.53;60.95;60.26;59.47;58.62;57.64;56.75;56.05;55.34;54.74;54.21;53.71;52.86;52.02;51.82;
Zonas Estadísticas;01;Municipio de Madrid ;57.70;58.29;57.16;57.91;58.18;58.07;58.36;58.38;58.21;57.56;57.80;57.53;57.38;56.87;56.20;55.37;54.58;53.64;52.88;52.54;52.14;51.94;51.79;51.78;51.10;50.49;50.84;
Zonas Estadísticas;02;Norte Metropolitano ;72.78;72.15;71.20;70.96;70.54;69.79;69.41;68.71;68.27;67.78;67.26;66.56;65.90;65.11;64.28;63.40;62.45;61.59;60.86;60.03;59.19;58.38;57.59;56.77;55.80;54.78;54.22;
Zonas Estadísticas;03;Este Metropolitano  ;73.56;72.21;71.22;70.73;70.23;69.70;69.58;68.91;68.77;68.26;67.87;67.59;66.93;66.12;65.46;64.64;63.62;62.47;61.32;60.17;59.03;58.04;57.11;56.12;55.10;54.02;53.37;
Zonas Estadísticas;04;Sur Metropolitano   ;70.97;69.54;68.39;67.88;67.44;66.91;66.80;66.02;65.97;65.60;65.42;65.05;64.70;64.10;63.35;62.58;61.66;60.68;59.69;58.73;57.79;56.85;55.99;54.98;53.78;52.57;51.78;
Zonas Estadísticas;05;Oeste Metropolitano ;71.64;71.27;70.45;70.58;70.47;70.29;70.21;69.25;69.25;68.74;68.20;67.32;66.39;65.53;64.50;63.43;62.29;61.10;59.99;58.90;57.90;56.88;55.89;55.03;54.18;53.35;52.82;
Zonas Estadísticas;06;Sierra Norte        ;58.42;58.22;58.21;58.71;58.88;59.11;60.46;60.71;61.55;62.16;62.69;62.85;62.61;61.82;61.17;60.04;59.00;57.73;56.64;55.21;53.98;53.15;52.32;51.64;50.74;49.82;49.20;
Zonas Estadísticas;07;Nordeste Comunidad  ;71.33;71.91;72.01;72.33;72.31;72.27;72.89;72.85;73.30;73.23;73.13;72.84;72.26;71.36;70.32;69.24;67.99;66.60;65.09;63.76;62.46;61.28;60.05;58.93;57.71;56.60;55.61;
Zonas Estadísticas;08;Sudeste Comunidad   ;63.65;63.69;63.32;63.11;63.23;62.95;63.82;63.48;64.37;64.56;64.99;65.04;64.97;64.75;64.03;63.43;62.54;61.49;60.42;59.56;58.77;57.75;56.92;56.20;55.46;54.56;53.89;
Zonas Estadísticas;09;Sudoeste Comunidad  ;68.31;69.39;68.90;69.29;69.45;69.21;69.88;69.27;70.20;70.26;70.05;69.65;69.42;69.24;69.10;68.87;68.20;67.31;66.25;65.24;64.16;63.20;62.14;61.09;60.09;58.79;57.60;
Zonas Estadísticas;10;Sierra Sur          ;59.59;59.08;59.07;58.57;58.68;59.16;60.23;60.13;60.97;61.07;61.44;60.93;60.29;59.57;58.65;57.81;56.85;55.50;54.35;53.31;52.67;51.96;51.20;50.84;50.43;49.77;49.09;
Zonas Estadísticas;11;Sierra Central      ;67.73;68.07;67.60;68.30;68.40;68.41;69.03;68.62;69.09;68.85;68.50;67.74;66.80;65.80;64.60;63.31;62.02;60.72;59.26;57.97;56.61;55.30;54.11;53.03;52.00;50.97;50.14;
Municipios;0014;Acebeda (La);30.19;27.66;25.53;24.56;21.43;22.64;27.27;23.64;20.00;20.34;20.69;21.05;22.95;20.34;24.19;26.15;22.39;20.90;20.00;21.21;18.18;15.38;19.05;17.65;16.36;19.35;14.93;
Municipios;0029;Ajalvir;69.48;71.77;70.66;72.20;72.09;71.54;73.28;72.85;72.99;72.89;72.85;72.15;72.20;71.86;70.98;69.90;68.13;67.04;65.46;64.48;63.50;61.99;60.48;58.82;57.04;55.98;54.54;
Municipios;0035;Alameda del Valle;45.78;44.44;46.77;44.95;48.19;46.28;42.05;44.66;51.45;48.31;49.59;51.60;48.10;49.37;47.56;45.27;44.76;40.63;39.17;35.58;34.67;32.31;33.00;33.82;38.31;37.19;36.73;
Municipios;0040;Alamo (El);65.70;66.34;65.82;66.00;65.86;65.97;66.37;66.32;66.75;66.61;65.89;64.30;63.65;63.18;62.45;61.79;61.04;60.15;58.76;57.75;56.89;56.47;55.41;54.29;54.11;52.88;52.44;
Municipios;0053;Alcalá de Henares;70.55;69.44;68.38;68.02;67.71;67.63;67.68;67.30;67.08;66.71;65.96;65.52;64.67;63.65;62.67;61.60;60.53;59.08;57.87;56.53;55.16;54.06;53.18;52.35;51.38;50.36;50.01;
Municipios;0066;Alcobendas;70.09;69.58;68.49;68.35;68.10;67.69;67.35;67.32;67.13;66.79;66.55;65.55;64.70;63.80;62.92;62.15;61.34;60.45;59.73;58.78;58.09;57.33;56.47;55.74;54.61;53.48;53.21;
Municipios;0072;Alcorcón;63.96;63.16;61.88;61.95;62.10;62.40;62.66;62.16;62.73;62.49;62.11;61.51;60.76;60.06;59.34;58.61;57.64;56.65;55.23;54.15;53.06;51.90;51.02;49.92;48.92;47.79;47.18;
Municipios;0088;Aldea del Fresno;63.75;63.38;63.04;62.11;60.55;61.26;61.23;60.67;60.56;61.63;62.42;63.70;63.17;61.90;59.98;58.89;58.70;57.16;56.29;55.38;54.85;54.37;53.49;53.08;52.73;51.47;51.32;
Municipios;0091;Algete;78.88;77.87;77.00;75.81;75.38;74.70;73.89;72.95;72.00;71.10;70.28;69.17;68.56;67.33;65.93;64.26;63.04;61.86;61.03;60.43;59.05;57.89;56.94;55.63;54.62;53.81;53.42;
Municipios;0105;Alpedrete;70.64;72.56;71.03;72.25;72.38;72.68;72.48;72.57;72.34;71.67;70.98;69.59;69.06;67.89;66.48;65.15;64.35;62.60;61.11;59.30;57.37;55.98;54.66;53.33;51.85;50.83;50.25;
Municipios;0112;Ambite;40.34;41.91;43.52;41.37;41.39;44.87;44.58;46.05;45.81;47.97;52.46;52.54;55.66;53.96;51.92;52.12;50.00;49.59;48.87;48.24;55.10;47.92;46.45;44.33;45.25;43.03;43.04;
Municipios;0127;Anchuelo;64.26;62.33;61.11;61.49;60.97;58.81;58.54;55.22;61.78;63.20;63.86;62.77;63.08;65.28;65.90;66.58;66.09;65.07;64.25;63.54;63.73;62.26;60.58;58.94;58.90;58.22;57.94;
Municipios;0133;Aranjuez;64.11;63.91;63.07;62.89;63.12;63.09;63.28;63.03;63.04;62.92;63.81;64.03;64.00;63.53;62.94;62.40;61.63;60.36;59.31;58.42;57.53;56.83;56.03;55.10;54.14;53.08;52.42;
Municipios;0148;Arganda del Rey;71.01;70.44;69.38;69.45;68.80;68.66;69.44;69.57;70.19;70.64;71.07;71.00;70.54;70.09;69.75;69.08;68.10;66.76;65.33;64.17;62.94;61.86;60.89;59.95;58.74;57.50;56.56;
Municipios;0151;Arroyomolinos;77.63;77.66;77.59;76.41;76.49;76.01;75.38;75.70;76.95;76.42;75.98;76.82;77.54;78.50;79.91;79.94;79.23;78.45;77.05;75.83;74.64;73.17;71.68;70.10;68.06;66.02;64.12;
Municipios;0164;Atazar (El);46.88;46.32;49.44;47.13;51.09;52.48;50.50;50.48;53.98;51.72;53.45;54.13;53.21;49.02;49.02;46.08;41.75;39.80;38.54;37.89;38.14;36.56;34.83;33.33;37.61;36.45;34.62;
Municipios;0170;Batres;64.16;67.12;66.07;64.81;66.52;65.71;67.36;66.64;67.59;67.18;65.15;65.64;64.26;63.37;61.79;59.47;57.25;55.70;54.72;53.10;51.37;50.43;49.88;49.54;49.56;49.08;48.27;
Municipios;0186;Becerril de la Sierra;67.23;67.82;65.99;67.68;66.84;67.34;66.72;66.46;66.69;65.81;65.60;64.42;63.66;62.57;62.28;61.21;60.15;58.53;57.43;56.68;55.76;54.44;52.89;51.85;50.80;50.32;49.18;
Municipios;0199;Belmonte de Tajo;58.41;59.24;57.95;58.46;57.51;56.69;55.59;54.76;54.43;55.45;56.41;55.68;57.62;57.80;58.13;58.80;58.89;58.08;57.60;56.88;55.59;55.99;55.05;54.60;53.57;53.21;53.53;
Municipios;0210;Berrueco (El);55.35;55.98;54.05;54.60;55.69;57.54;61.56;58.25;59.77;58.38;58.47;59.57;58.46;57.69;56.59;55.28;57.03;57.41;56.15;49.07;47.91;47.50;47.89;48.78;47.41;46.87;45.80;
Municipios;0203;Berzosa del Lozoya;52.59;46.00;52.00;46.61;54.96;53.95;59.38;60.47;64.64;63.69;64.21;62.82;62.83;60.58;57.69;55.07;53.27;47.62;50.99;48.48;48.28;43.94;42.44;36.04;37.56;37.89;37.90;
Municipios;0225;Boadilla del Monte;69.90;69.53;68.23;69.38;70.60;72.19;72.34;72.75;73.41;73.42;73.01;72.25;71.32;70.17;69.35;68.14;66.71;65.01;63.59;62.13;60.83;59.38;58.26;57.32;56.85;56.47;55.66;
Municipios;0231;Boalo (El);67.69;68.01;67.80;68.14;67.77;68.24;68.76;69.32;70.85;71.33;71.20;70.35;69.58;69.09;68.23;67.34;65.94;64.12;62.82;61.36;59.98;57.93;56.57;55.29;54.06;52.80;51.76;
Municipios;0246;Braojos;63.87;63.27;64.94;63.75;63.35;63.13;67.37;65.45;66.84;63.64;61.71;59.34;60.00;56.54;56.46;57.84;55.24;53.77;51.72;52.24;52.88;51.22;49.27;48.54;49.54;47.71;46.23;
Municipios;0259;Brea de Tajo;49.28;48.96;47.20;46.72;45.09;44.24;45.40;45.26;46.96;49.61;50.10;49.90;49.13;51.44;51.35;51.92;50.27;50.00;49.82;50.89;48.42;47.24;46.76;44.47;43.86;42.73;42.08;
Municipios;0262;Brunete;67.21;69.04;68.69;69.00;69.32;70.64;71.01;70.75;72.12;73.00;72.87;72.30;71.64;70.80;69.69;68.41;66.90;65.44;64.13;62.33;61.00;59.82;58.82;57.52;56.23;54.46;53.73;
Municipios;0278;Buitrago del Lozoya;65.07;65.10;64.83;66.21;65.37;65.77;65.00;64.79;65.95;66.18;65.19;64.07;62.70;60.88;60.54;58.84;58.60;56.51;55.07;54.49;54.15;54.03;53.87;54.57;52.34;52.20;50.82;
Municipios;0284;Bustarviejo;55.91;57.77;57.63;58.81;58.84;59.22;59.25;58.74;59.67;60.85;61.84;60.23;59.41;59.67;59.24;58.78;59.02;58.13;56.95;55.44;54.52;54.02;53.22;50.99;50.33;48.65;48.44;
Municipios;0297;Cabanillas de la Sierra;60.49;59.03;60.27;58.28;58.77;61.28;60.00;59.45;61.33;60.03;59.83;60.76;61.07;59.49;59.57;58.19;57.20;54.92;55.25;53.27;51.26;50.84;50.26;50.45;51.13;50.11;48.99;
Municipios;0301;Cabrera (La);66.79;65.26;64.55;65.30;64.75;63.91;65.79;66.25;65.64;64.40;65.00;65.03;64.74;63.61;63.49;61.72;60.47;59.31;57.11;56.05;54.94;54.04;53.66;52.85;51.37;50.87;50.72;
Municipios;0318;Cadalso de los Vidrios;58.82;58.60;57.94;58.36;58.33;58.57;59.40;58.86;59.99;60.49;60.20;59.87;59.11;59.27;58.05;57.34;56.16;53.59;53.13;51.94;52.11;51.82;51.10;50.67;49.05;48.62;47.64;
Municipios;0323;Camarma de Esteruelas;69.70;69.84;69.09;68.09;67.64;68.47;69.35;71.83;73.38;73.99;73.88;74.19;73.25;72.71;71.40;70.77;69.34;68.36;67.09;65.42;63.64;62.52;61.11;59.62;57.84;56.36;55.17;
Municipios;0339;Campo Real;64.68;65.32;65.43;63.91;63.44;63.55;64.26;64.08;65.08;66.93;67.06;67.24;67.27;67.34;67.14;67.13;65.70;64.59;63.89;63.06;61.83;60.97;60.35;59.86;58.93;57.91;56.62;
Municipios;0344;Canencia;44.30;45.63;43.92;43.31;41.83;44.89;45.44;46.39;47.14;41.69;46.87;47.98;47.80;45.83;44.31;41.94;41.41;41.60;40.73;37.03;36.38;33.33;35.35;34.23;33.26;33.48;34.48;
Municipios;0357;Carabaña;54.00;51.94;53.18;54.83;53.56;54.12;56.53;56.86;57.66;59.37;61.21;63.24;63.66;63.94;63.16;62.48;62.27;61.07;59.94;58.57;56.80;55.43;55.67;54.88;54.38;53.54;52.97;
Municipios;0360;Casarrubuelos;65.43;67.07;64.97;68.13;67.31;69.27;72.12;73.35;75.76;75.89;76.12;75.82;75.05;73.68;72.77;71.85;70.51;69.60;68.57;66.65;65.59;63.96;62.15;60.83;59.34;57.84;57.06;
Municipios;0376;Cenicientos;52.90;53.61;53.08;52.09;51.77;51.56;52.12;51.56;52.88;52.01;52.30;51.50;51.61;51.09;50.29;50.24;48.68;48.58;47.86;47.28;46.82;47.32;46.93;46.22;46.44;44.86;43.87;
Municipios;0382;Cercedilla;65.16;65.47;64.72;65.49;64.85;65.40;64.70;65.64;65.50;64.69;63.68;62.25;60.57;59.30;57.22;56.38;54.92;54.56;53.83;53.30;52.77;52.36;51.08;50.62;49.61;49.42;49.19;
Municipios;0395;Cervera de Buitrago;47.42;46.88;48.89;47.06;54.55;51.85;53.49;49.22;48.51;54.67;55.10;52.82;53.21;53.04;49.20;50.27;47.78;47.70;43.90;41.40;40.38;36.24;34.00;32.72;29.75;28.92;30.49;
Municipios;0513;Chapinería;61.22;61.21;61.27;61.03;61.92;62.73;64.01;64.25;64.13;63.09;63.38;62.30;61.57;61.39;60.92;59.21;58.20;56.45;55.65;55.10;54.97;53.62;53.05;53.52;53.11;52.91;52.12;
Municipios;0528;Chinchón;59.55;59.67;58.93;58.95;58.36;58.31;58.98;58.80;59.72;59.68;59.55;59.51;59.21;58.46;57.54;56.70;56.13;54.84;53.97;52.98;52.33;51.31;51.06;51.08;50.34;49.48;48.84;
Municipios;0409;Ciempozuelos;64.97;66.39;65.39;65.84;65.78;66.20;66.85;67.01;67.59;68.05;68.74;68.42;67.67;67.09;66.39;65.30;64.38;63.13;62.15;61.26;59.97;58.96;58.09;57.10;56.00;54.07;52.91;
Municipios;0416;Cobeña;77.00;78.24;77.13;77.03;76.83;76.21;75.38;73.57;73.82;74.03;73.53;73.53;72.95;71.63;71.22;70.32;69.47;68.11;67.01;65.50;63.86;62.87;61.91;60.55;59.24;58.36;57.02;
Municipios;0468;Collado Mediano;69.82;68.80;69.34;69.09;69.20;68.16;68.57;68.27;68.81;68.68;67.97;66.86;65.81;64.82;63.92;62.82;61.80;60.25;57.33;55.89;54.95;53.66;53.02;51.95;51.16;50.18;49.44;
Municipios;0474;Collado Villalba;75.03;74.30;73.69;73.33;72.89;72.77;72.07;71.12;70.65;69.50;68.73;67.44;66.27;66.34;65.37;64.24;63.11;61.90;60.61;59.48;58.27;57.28;56.25;55.51;54.25;53.38;52.96;
Municipios;0455;Colmenar Viejo;70.09;70.45;69.91;70.18;70.18;69.51;69.69;69.23;68.79;68.38;67.49;66.82;66.09;65.38;64.62;63.92;63.05;62.16;61.24;60.27;59.46;58.98;58.46;57.87;57.28;56.49;56.05;
Municipios;0437;Colmenar de Oreja;64.01;63.58;62.59;62.84;62.24;60.84;62.38;62.29;63.09;63.18;63.28;63.12;63.10;62.13;60.81;60.06;58.54;57.62;56.26;55.06;53.93;52.99;52.17;51.35;50.58;50.11;49.25;
Municipios;0421;Colmenar del Arroyo;55.02;55.45;54.99;52.64;51.48;53.28;54.71;57.45;57.75;56.81;56.78;55.64;54.65;55.12;54.94;54.70;54.90;54.14;53.32;52.70;52.39;51.16;50.78;50.98;50.56;49.66;48.87;
Municipios;0442;Colmenarejo;72.96;73.20;71.70;73.20;73.47;73.90;73.89;73.24;73.27;73.40;72.96;72.25;71.04;69.97;68.60;67.13;65.78;64.36;62.66;61.49;59.79;58.44;57.04;56.05;55.19;54.05;52.92;
Municipios;0480;Corpa;55.47;55.62;53.37;53.67;52.63;53.54;57.27;59.37;59.80;58.57;59.24;60.19;60.47;61.05;63.72;63.76;64.59;64.08;63.98;62.80;62.43;62.70;60.03;60.03;60.38;57.38;55.28;
Municipios;0493;Coslada;74.31;71.03;70.64;69.26;68.31;67.31;66.23;64.57;64.01;62.76;63.14;63.04;62.22;61.52;60.97;60.09;58.94;57.42;56.27;54.97;53.75;52.64;51.72;50.51;49.40;48.11;47.29;
Municipios;0506;Cubas de la Sagra;62.92;69.15;69.87;71.34;71.67;72.77;72.24;72.28;72.71;72.95;73.62;74.37;73.79;73.35;72.24;71.14;70.17;68.30;67.54;66.69;65.54;64.20;63.32;62.09;61.48;59.94;58.25;
Municipios;0534;Daganzo de Arriba;78.55;80.60;79.82;79.79;79.44;79.09;79.54;79.86;80.08;80.03;79.78;79.03;78.26;77.27;76.26;74.87;73.18;70.96;69.03;66.75;64.69;62.74;60.73;58.88;57.26;55.90;54.67;
Municipios;0549;Escorial (El);67.04;67.63;66.96;66.98;67.04;66.81;66.46;64.89;65.23;64.59;64.25;62.99;61.77;60.45;58.89;57.15;56.10;55.50;54.72;53.50;52.65;51.83;50.90;49.69;49.10;48.43;47.90;
Municipios;0552;Estremera;58.36;57.78;54.18;56.03;54.53;55.03;58.33;57.79;60.08;59.68;59.89;56.20;56.26;56.63;56.85;55.38;55.11;52.77;51.26;50.72;49.96;48.38;47.54;47.53;47.64;46.45;46.31;
Municipios;0565;Fresnedillas de la Oliva;65.83;66.91;65.85;68.27;69.01;68.80;70.12;68.64;68.01;67.59;68.95;69.11;68.27;67.82;67.62;66.58;65.25;63.50;62.29;61.28;60.97;59.52;59.41;58.63;58.51;57.27;56.36;
Municipios;0571;Fresno de Torote;63.73;68.22;67.47;68.58;69.67;69.30;70.78;71.45;72.69;73.00;72.27;73.69;72.81;71.79;70.16;68.74;67.35;65.94;64.38;62.38;60.57;59.33;57.09;55.72;55.35;54.80;54.07;
Municipios;0587;Fuenlabrada;83.83;81.64;80.15;78.33;77.08;75.55;74.41;72.94;72.15;71.02;70.21;68.89;68.27;67.29;66.11;64.82;63.39;61.99;60.74;59.49;58.36;57.20;56.13;55.13;53.96;52.78;51.78;
Municipios;0590;Fuente el Saz de Jarama;70.64;70.34;71.16;71.83;72.60;72.39;72.11;71.11;70.69;70.31;70.15;69.44;68.55;66.79;65.88;64.54;63.43;62.43;60.73;59.27;58.39;56.67;55.60;55.28;54.32;54.08;53.73;
Municipios;0604;Fuentidueña de Tajo;60.16;61.31;60.19;59.41;59.28;58.88;59.59;59.93;61.36;60.87;61.51;61.42;60.98;60.48;58.16;57.10;57.78;56.61;54.55;53.62;53.38;51.69;50.80;50.61;51.10;50.29;49.20;
Municipios;0611;Galapagar;74.54;75.31;74.61;74.66;74.58;74.03;73.72;72.37;71.60;70.63;69.60;68.71;67.48;66.25;64.74;63.78;62.16;60.93;59.52;58.46;57.58;56.66;55.87;55.36;54.17;53.16;52.46;
Municipios;0626;Garganta de los Montes;54.71;52.48;50.92;50.15;50.16;47.60;49.43;50.00;52.25;51.39;51.02;51.85;50.13;49.48;49.74;48.74;48.35;45.81;45.78;43.30;41.99;43.39;41.21;43.50;43.55;41.92;42.24;
Municipios;0632;Gargantilla del Lozoya y Pinilla de Buitrago;45.75;46.26;46.55;46.70;51.84;50.54;53.14;53.27;52.60;56.13;55.26;52.34;51.85;49.62;48.55;44.99;44.57;45.30;42.74;39.08;37.78;38.68;39.24;37.22;37.93;36.29;36.60;
Municipios;0647;Gascones;56.86;56.00;56.00;53.27;50.88;51.64;57.25;57.59;55.63;54.42;53.38;52.41;53.95;53.37;54.10;54.35;51.14;50.84;48.30;49.12;50.57;53.72;53.89;48.30;49.21;49.06;48.46;
Municipios;0650;Getafe;64.81;64.16;63.30;63.26;63.50;63.26;63.15;62.61;62.25;61.47;61.58;61.26;61.08;60.61;60.07;59.41;58.74;58.13;57.55;56.92;56.08;55.47;54.78;54.02;52.84;52.05;51.52;
Municipios;0663;Griñón;72.25;71.17;69.39;71.77;70.46;69.41;70.06;69.07;69.86;69.31;68.15;67.02;66.11;65.18;64.05;62.81;61.95;61.27;60.30;58.88;57.89;57.03;56.19;55.51;54.37;53.27;52.15;
Municipios;0679;Guadalix de la Sierra;66.38;65.80;65.37;67.13;66.88;67.00;68.44;68.99;70.22;70.19;69.87;68.48;67.39;66.73;65.70;64.46;63.05;61.73;60.64;59.21;57.32;55.84;54.72;53.73;53.36;52.26;51.68;
Municipios;0685;Guadarrama;67.55;67.03;67.28;67.42;67.55;67.49;67.96;67.35;67.05;66.14;65.42;65.51;64.84;63.92;62.86;61.49;60.15;58.56;57.09;55.98;54.69;53.73;52.98;52.38;51.60;50.60;49.55;
Municipios;0698;Hiruela (La);41.07;39.62;43.08;40.54;40.26;37.50;39.39;32.22;30.38;30.26;28.38;27.63;27.03;31.82;29.09;26.79;19.61;16.36;16.67;18.52;21.15;18.75;17.54;27.69;31.51;34.21;28.38;
Municipios;0702;Horcajo de la Sierra-Aoslos;35.43;37.50;37.41;40.28;41.78;40.29;40.82;42.31;43.71;44.91;53.80;55.81;50.87;51.46;51.14;49.10;49.70;54.19;52.20;50.35;47.89;49.32;49.66;48.68;49.11;49.25;49.15;
Municipios;0719;Horcajuelo de la Sierra;59.34;59.26;54.84;60.19;58.33;49.54;50.43;50.43;48.21;47.66;48.54;48.04;48.35;46.32;50.00;43.16;38.37;38.75;46.59;45.35;42.05;46.07;43.02;38.20;39.62;40.37;38.89;
Municipios;0724;Hoyo de Manzanares;73.11;72.00;70.98;71.06;70.31;69.78;69.09;68.57;67.75;66.31;65.06;63.62;62.48;61.47;60.41;59.60;58.52;57.49;56.74;56.05;54.97;54.12;53.60;53.14;52.42;51.58;50.52;
Municipios;0730;Humanes de Madrid;82.67;82.16;80.99;80.27;79.91;78.58;78.25;76.92;78.22;78.38;78.12;77.29;76.83;76.22;75.17;74.13;73.55;72.76;71.79;70.83;69.89;68.73;67.45;65.69;64.12;62.27;60.34;
Municipios;0745;Leganés;65.68;63.97;62.99;63.01;62.53;62.12;62.40;61.09;61.19;60.94;60.54;59.98;59.56;59.00;58.18;57.55;56.77;55.91;55.11;54.24;53.30;52.57;51.85;50.90;49.77;48.54;48.04;
Municipios;0758;Loeches;69.50;70.79;70.07;71.06;71.10;70.71;71.87;72.84;74.02;74.77;74.49;74.48;74.84;74.68;73.79;73.38;72.38;71.09;69.78;68.69;67.33;65.84;64.53;62.65;61.00;59.11;58.00;
Municipios;0761;Lozoya;52.48;52.94;50.90;54.38;54.03;55.46;58.28;58.07;61.63;58.39;57.91;58.00;57.06;53.28;52.40;51.18;48.32;45.69;44.11;44.97;43.11;40.97;40.28;38.79;36.73;36.17;38.49;
Municipios;9015;Lozoyuela-Navas-Sieteiglesias;53.38;53.50;53.51;53.52;53.53;52.82;55.04;56.67;57.30;60.27;60.41;61.61;61.02;60.54;61.80;60.75;60.12;58.86;56.94;55.95;54.08;51.58;50.04;49.63;48.58;48.29;47.39;
Municipios;0783;Madarcos;44.44;34.62;38.46;38.10;39.13;36.67;39.39;45.16;50.00;51.22;55.56;51.06;51.02;57.14;58.93;56.60;52.73;46.81;44.44;38.30;36.96;36.17;27.08;26.53;40.35;38.10;38.89;
Municipios;0796;Madrid;57.70;58.29;57.16;57.91;58.18;58.07;58.36;58.38;58.21;57.56;57.80;57.53;57.38;56.87;56.20;55.37;54.58;53.64;52.88;52.54;52.14;51.94;51.79;51.78;51.10;50.49;50.84;
Municipios;0800;Majadahonda;71.15;70.21;69.51;69.72;69.85;69.48;69.37;68.73;68.65;68.15;67.71;66.80;66.17;65.19;64.13;63.00;61.82;60.72;59.76;58.73;57.68;56.70;55.51;54.64;53.73;52.80;51.86;
Municipios;0822;Manzanares el Real;67.64;69.25;68.23;70.04;69.57;68.56;68.89;69.37;69.50;68.99;69.06;69.10;68.36;67.64;66.99;66.00;64.44;63.15;61.70;60.52;59.26;57.83;56.86;55.00;54.01;52.38;50.71;
Municipios;0838;Meco;81.53;82.30;82.04;81.73;81.28;80.64;80.45;79.52;79.31;78.57;77.40;76.25;75.09;73.63;72.09;70.56;68.99;67.65;66.42;65.40;64.30;63.19;62.10;61.06;59.85;58.83;57.68;
Municipios;0843;Mejorada del Campo;79.40;77.30;75.95;74.83;73.70;72.88;72.56;71.69;72.03;71.53;70.91;70.55;69.91;68.93;67.74;67.01;65.75;64.32;63.32;62.11;61.16;60.12;59.13;58.17;57.36;55.87;55.10;
Municipios;0856;Miraflores de la Sierra;64.73;64.66;64.45;64.85;64.14;63.72;65.66;65.77;66.43;66.09;66.12;66.36;65.68;64.43;63.32;61.83;60.34;58.81;57.22;55.58;54.50;53.82;53.68;53.07;52.00;50.89;50.67;
Municipios;0869;Molar (El);66.48;66.47;65.66;66.25;66.73;66.88;68.70;67.64;68.46;68.70;69.77;70.81;71.46;70.78;70.15;69.27;68.39;66.89;65.19;64.21;63.02;62.30;61.37;60.40;58.97;57.98;57.00;
Municipios;0875;Molinos (Los);61.72;62.39;61.86;62.13;62.51;62.77;63.96;62.89;63.11;62.45;62.46;61.04;59.91;58.75;57.63;56.60;55.61;54.25;52.89;51.93;50.79;49.31;48.46;47.87;47.55;47.67;46.88;
Municipios;0881;Montejo de la Sierra;46.24;44.66;47.42;47.60;48.11;45.91;45.14;43.89;46.89;48.18;50.91;48.60;46.89;46.15;45.10;43.79;45.40;45.45;45.19;40.11;38.20;37.19;36.54;35.44;36.52;36.46;36.41;
Municipios;0894;Moraleja de Enmedio;71.30;74.89;73.28;73.56;73.77;71.22;71.73;69.98;70.53;70.30;69.73;69.11;68.17;67.00;65.34;64.49;63.28;62.76;62.03;60.17;58.44;57.98;57.63;56.83;56.50;55.91;55.50;
Municipios;0908;Moralzarzal;70.04;70.31;69.54;71.80;71.81;70.93;72.68;71.67;72.84;73.22;72.20;71.10;69.93;68.28;67.12;65.48;63.41;62.03;60.36;58.78;57.32;55.71;54.54;53.50;52.03;50.95;50.06;
Municipios;0915;Morata de Tajuña;62.36;62.47;61.70;61.66;61.15;61.60;62.37;60.25;61.88;62.31;63.17;63.40;62.92;62.22;61.41;60.64;59.38;58.09;57.01;56.37;56.40;55.17;54.78;54.15;53.65;52.26;51.45;
Municipios;0920;Móstoles;73.01;70.31;68.76;67.57;66.55;65.52;65.01;64.03;63.61;62.92;62.48;61.85;61.15;60.19;59.33;58.66;57.91;57.04;56.33;55.60;55.12;54.37;53.80;52.94;51.96;50.85;50.08;
Municipios;0936;Navacerrada;65.75;64.39;63.71;62.50;61.53;60.47;62.21;62.15;63.84;63.20;62.02;61.20;60.11;60.11;57.97;56.64;55.43;54.05;52.96;51.65;49.83;48.81;47.81;47.69;46.69;45.95;46.04;
Municipios;0941;Navalafuente;59.04;56.34;55.65;57.49;56.46;56.59;57.92;60.22;60.42;60.63;63.57;65.74;66.40;65.36;65.62;63.93;62.14;60.72;60.03;58.93;59.25;58.98;58.11;56.98;55.42;55.08;54.01;
Municipios;0954;Navalagamella;66.13;64.89;64.52;63.65;63.67;64.16;66.78;65.19;66.74;67.43;69.10;69.04;68.95;68.69;66.92;66.01;64.00;62.52;61.70;59.76;58.58;58.02;56.86;56.35;55.26;54.61;54.13;
Municipios;0967;Navalcarnero;68.45;68.80;69.05;69.54;69.58;69.41;69.50;68.23;68.64;68.66;68.60;68.09;68.24;68.53;68.43;68.67;68.56;67.88;66.93;66.13;65.13;64.43;63.45;62.45;61.56;60.14;58.80;
Municipios;0973;Navarredonda y San Mamés;39.39;41.67;45.28;38.89;36.79;34.82;34.92;38.69;36.96;37.50;38.30;37.09;33.80;35.71;34.93;32.62;28.91;27.91;29.41;31.06;29.01;26.23;27.13;26.36;31.91;30.77;33.33;
Municipios;0992;Navas del Rey;61.18;60.16;61.28;61.27;61.23;62.35;63.12;63.66;64.45;64.20;64.20;63.44;62.04;61.98;62.01;61.25;60.47;58.90;58.26;56.68;56.42;55.20;53.60;52.76;52.88;52.27;51.94;
Municipios;1006;Nuevo Baztán;76.00;77.07;77.90;73.11;76.39;74.26;73.05;71.63;71.43;70.91;69.54;68.47;67.12;65.94;64.26;62.16;60.12;58.52;57.12;56.23;54.90;53.92;52.26;52.28;51.71;51.39;51.07;
Municipios;1013;Olmeda de las Fuentes;56.85;56.85;58.28;58.55;60.27;56.00;60.54;55.96;53.17;50.00;55.43;59.72;59.60;59.42;61.06;57.99;57.35;56.59;57.99;57.36;53.31;54.91;52.87;52.31;49.86;48.95;43.95;
Municipios;1028;Orusco de Tajuña;48.81;49.69;49.62;50.23;50.31;51.76;53.06;51.35;51.08;54.47;53.90;54.82;53.72;53.42;52.74;52.69;52.75;52.07;49.92;48.41;48.85;47.84;48.23;50.04;48.33;48.96;48.52;
Municipios;1049;Paracuellos de Jarama;72.64;71.77;70.11;70.71;70.33;69.61;69.71;69.03;69.33;68.24;69.70;73.78;76.02;76.39;76.95;76.67;75.89;74.99;73.72;72.17;70.77;69.04;67.17;65.27;63.37;61.30;59.47;
Municipios;1065;Parla;76.21;74.27;72.85;72.05;71.25;70.48;70.56;70.00;70.09;70.66;70.81;71.68;72.11;71.96;71.52;70.90;70.07;69.26;68.23;67.28;66.40;65.44;64.51;63.35;61.67;60.07;58.86;
Municipios;1071;Patones;55.83;53.31;54.32;52.84;52.73;52.25;53.48;50.67;48.60;51.25;45.56;47.39;47.34;45.55;47.01;46.07;46.22;43.20;42.18;40.41;40.87;40.15;40.85;41.00;43.21;42.96;40.81;
Municipios;1087;Pedrezuela;63.43;64.68;63.01;65.12;65.03;65.93;66.40;66.25;67.40;69.52;71.80;72.42;72.49;72.40;71.51;71.02;69.85;68.69;68.01;66.68;65.58;64.46;62.66;61.19;58.97;58.22;56.67;
Municipios;1090;Pelayos de la Presa;57.10;56.07;55.50;55.12;55.27;57.61;59.88;61.53;61.20;62.34;61.57;61.36;60.62;59.59;57.48;56.61;55.07;54.24;52.99;52.61;51.70;51.60;51.31;51.57;51.17;50.57;49.90;
Municipios;1104;Perales de Tajuña;59.17;59.83;59.20;59.07;59.07;59.55;61.43;60.35;61.00;61.08;62.23;62.09;62.46;63.17;62.40;61.52;61.37;59.83;58.41;56.34;55.98;54.47;53.15;53.24;53.21;52.78;51.80;
Municipios;1111;Pezuela de las Torres;52.22;50.95;55.65;52.36;51.32;51.26;54.08;52.44;52.91;57.82;59.41;62.55;61.50;61.50;61.28;58.54;58.40;57.23;56.07;54.10;53.31;53.59;54.16;52.36;52.00;52.20;51.83;
Municipios;1126;Pinilla del Valle;50.30;47.85;49.06;49.36;47.74;46.26;46.20;49.70;47.71;57.35;50.00;48.11;48.98;47.85;46.01;43.26;44.76;41.46;41.00;40.63;38.92;39.57;40.84;38.95;37.24;37.37;38.24;
Municipios;1132;Pinto;72.02;71.44;70.28;70.61;70.11;70.26;70.23;69.94;70.53;70.52;70.31;70.05;69.45;68.86;68.29;67.60;66.61;65.67;64.80;63.94;62.90;61.84;60.82;59.61;58.27;56.84;55.93;
Municipios;1147;Piñuécar-Gandullas;50.00;47.77;48.68;45.52;48.57;51.96;53.55;53.23;53.85;55.43;55.43;56.48;56.44;52.27;46.82;51.19;49.43;48.26;48.57;43.24;43.72;43.27;46.49;45.25;43.48;44.57;44.38;
Municipios;1150;Pozuelo de Alarcón;68.95;68.16;67.70;67.31;67.13;66.94;66.75;65.95;66.13;65.67;64.82;63.82;62.61;61.46;60.34;59.40;58.51;57.42;56.52;55.66;54.96;54.13;53.28;52.45;51.88;51.26;50.88;
Municipios;1163;Pozuelo del Rey;58.73;57.63;56.74;52.13;49.72;50.23;54.55;60.14;60.49;61.33;66.00;70.59;72.41;74.08;74.27;75.07;74.33;73.72;71.90;69.80;68.97;67.86;66.26;65.02;64.09;62.91;61.36;
Municipios;1179;Prádena del Rincón;40.91;42.00;42.42;45.26;42.72;41.35;44.76;45.45;45.71;47.66;52.73;51.75;52.46;55.91;55.04;55.91;56.35;58.33;57.38;58.21;55.30;51.28;50.43;49.60;46.62;41.10;40.67;
Municipios;1185;Puebla de la Sierra;55.13;50.65;51.95;52.11;55.21;60.00;53.85;53.85;53.85;53.40;52.29;54.21;55.45;51.35;48.04;50.51;48.96;44.58;39.73;40.91;34.43;30.00;30.77;31.51;36.00;40.00;39.22;
Municipios;9020;Puentes Viejas;44.93;44.90;43.86;44.69;43.24;45.18;45.56;46.84;46.31;47.59;51.00;51.78;52.97;52.23;50.08;50.07;49.38;48.71;48.60;48.48;47.31;46.73;48.01;46.49;46.93;45.49;47.23;
Municipios;1198;Quijorna;58.75;59.21;59.44;61.97;64.49;64.68;68.12;69.46;70.30;71.52;72.50;72.66;72.85;71.40;70.53;69.94;68.65;67.28;66.15;64.50;61.70;60.86;59.99;58.03;56.87;55.69;54.43;
Municipios;1202;Rascafría;60.80;58.97;58.54;57.71;56.32;56.15;57.94;55.35;55.04;59.57;58.55;58.91;57.11;55.39;53.80;51.33;49.23;46.94;45.72;44.21;43.12;42.21;41.59;42.09;41.20;39.31;38.87;
Municipios;1219;Redueña;55.21;54.09;56.96;56.98;56.91;56.99;59.17;56.56;60.73;62.45;66.54;66.17;66.67;66.19;62.41;63.92;62.68;60.50;57.14;54.79;48.79;48.99;47.31;51.11;49.49;49.66;51.80;
Municipios;1224;Ribatejada;55.70;56.12;54.04;58.79;56.41;56.11;58.00;55.37;56.05;60.12;59.07;60.96;58.24;57.01;56.49;56.02;55.17;53.56;53.47;50.65;47.86;47.73;50.57;51.31;51.10;49.54;48.97;
Municipios;1230;Rivas-Vaciamadrid;84.99;82.91;81.68;80.63;79.69;78.60;77.52;76.39;76.14;75.16;73.73;73.21;72.20;71.08;70.02;69.03;68.21;67.35;66.20;65.32;64.32;63.43;62.49;61.65;60.76;59.99;59.24;
Municipios;1245;Robledillo de la Jara;29.76;25.64;34.62;34.07;27.96;36.89;38.32;32.04;32.50;35.25;35.86;38.46;39.71;40.43;45.63;42.45;42.16;45.63;40.00;41.41;37.93;34.48;36.25;32.63;32.99;37.72;43.28;
Municipios;1258;Robledo de Chavela;57.78;56.06;58.94;58.01;59.78;60.04;59.93;60.31;60.99;59.78;61.38;60.01;59.29;58.64;57.60;56.55;55.79;53.75;51.66;50.69;50.28;49.72;48.62;47.34;46.47;46.33;45.44;
Municipios;1261;Robregordo;35.23;29.07;29.07;25.84;25.00;23.75;25.68;22.54;20.29;18.18;29.58;20.97;26.23;27.87;34.85;41.54;40.00;42.31;37.50;37.78;38.64;41.67;41.38;43.08;47.14;44.29;48.10;
Municipios;1277;Rozas de Madrid (Las);72.95;72.73;71.32;71.77;71.48;71.27;71.50;69.93;70.26;69.87;69.70;69.10;68.45;67.58;66.60;65.48;64.29;63.14;62.02;60.85;59.74;58.50;57.29;56.05;55.00;53.96;53.51;
Municipios;1283;Rozas de Puerto Real;44.20;40.52;42.52;40.28;36.63;35.41;45.96;42.37;42.02;42.12;43.01;46.02;45.54;45.29;45.06;44.56;45.87;45.44;45.51;43.53;42.51;41.18;41.51;40.54;39.90;37.31;37.95;
Municipios;1296;San Agustín del Guadalix;78.32;78.03;77.23;77.49;76.74;75.78;75.76;74.51;74.66;74.75;74.51;74.11;73.40;72.80;71.86;70.70;69.05;67.50;65.95;64.48;63.31;61.90;60.02;58.48;57.31;55.78;54.56;
Municipios;1300;San Fernando de Henares;78.73;77.99;76.83;76.02;75.43;73.62;73.68;72.01;71.64;70.27;69.09;68.15;67.02;65.81;64.55;63.16;61.70;60.20;58.51;57.21;55.98;54.97;53.93;53.05;52.29;51.18;50.47;
Municipios;1317;San Lorenzo de El Escorial;64.75;64.38;63.78;64.08;64.91;65.13;66.22;64.55;64.83;63.77;64.26;63.76;62.85;62.22;61.07;59.85;58.30;57.28;55.97;55.06;53.89;52.90;51.66;50.80;50.10;48.86;47.67;
Municipios;1338;San Martín de Valdeiglesias;62.39;61.88;61.14;60.60;59.94;59.85;60.39;59.84;60.41;61.43;61.61;61.63;61.21;59.69;58.83;57.69;56.89;55.81;54.63;53.62;52.43;51.67;50.92;50.99;51.04;50.53;49.95;
Municipios;1322;San Martín de la Vega;75.40;75.54;75.29;75.40;75.52;75.88;76.04;75.33;75.57;75.03;75.22;75.11;74.49;73.58;72.60;71.50;70.18;68.60;67.14;65.83;64.52;63.55;62.42;61.29;60.04;58.79;57.85;
Municipios;1343;San Sebastián de los Reyes;72.79;70.95;69.96;69.36;68.65;67.58;67.26;66.04;65.96;65.70;65.37;65.47;65.55;65.36;64.83;64.08;63.13;62.49;61.98;61.24;60.18;59.14;58.39;57.60;56.45;55.11;54.15;
Municipios;1356;Santa María de la Alameda;55.72;54.29;53.55;51.13;51.85;51.63;52.57;53.39;54.80;55.34;57.68;58.57;56.08;52.75;51.13;51.33;49.75;47.52;46.12;45.96;44.63;45.09;44.34;44.51;44.58;44.63;43.96;
Municipios;1369;Santorcaz;60.30;60.14;59.82;58.65;59.35;58.76;59.58;59.82;60.14;60.86;63.37;63.28;63.27;60.71;59.98;58.21;59.53;57.26;55.36;54.05;53.50;51.76;51.02;49.83;49.46;48.78;46.98;
Municipios;1375;Santos de la Humosa (Los);59.59;57.80;57.09;58.17;58.60;57.83;59.74;62.84;64.07;65.03;68.07;70.81;71.86;71.92;72.01;72.54;71.95;71.33;69.82;68.83;68.14;66.56;65.52;64.33;61.89;59.16;58.35;
Municipios;1381;Serna del Monte (La);63.06;61.00;61.00;63.16;61.74;58.26;53.28;47.79;47.75;48.15;52.68;53.15;49.51;48.48;51.96;50.00;43.01;44.68;44.19;44.16;39.73;35.14;41.98;44.83;52.63;54.63;55.66;
Municipios;1408;Serranillos del Valle;62.22;61.57;63.25;60.67;61.49;64.57;69.90;68.05;71.15;71.49;70.75;69.94;69.71;68.02;67.51;66.84;63.60;62.70;61.72;60.58;58.91;58.90;57.70;57.05;56.76;56.19;55.11;
Municipios;1415;Sevilla la Nueva;75.66;77.45;75.61;76.57;77.01;75.71;75.87;75.38;76.84;76.76;76.63;75.33;73.31;72.99;72.07;71.04;70.01;68.79;66.81;65.36;63.90;61.92;60.16;58.52;57.26;55.08;53.82;
Municipios;1436;Somosierra;46.46;48.39;49.47;44.09;54.08;50.89;54.05;56.56;51.72;54.31;52.63;53.64;54.95;53.33;49.49;48.91;43.90;40.26;41.10;40.26;40.26;35.00;36.05;36.78;36.78;37.50;38.82;
Municipios;1441;Soto del Real;69.94;70.19;69.71;70.00;69.85;69.56;69.14;68.01;68.13;67.20;65.88;65.17;63.84;62.62;60.29;58.61;57.47;55.71;54.38;53.62;52.56;51.82;51.01;50.46;49.55;48.99;49.01;
Municipios;1454;Talamanca de Jarama;66.34;66.52;66.05;66.00;65.93;66.40;66.84;66.86;67.98;67.14;69.34;69.17;69.84;69.73;69.55;68.16;67.08;65.99;64.76;63.92;63.11;61.66;60.93;60.44;59.84;57.85;56.96;
Municipios;1467;Tielmes;61.83;61.60;60.84;61.03;61.11;61.00;63.62;61.23;62.43;62.80;63.73;63.73;62.16;61.95;61.61;60.32;59.86;59.30;58.57;58.47;58.08;56.37;55.85;55.56;54.77;53.03;52.56;
Municipios;1473;Titulcia;59.91;61.02;60.98;59.68;60.06;59.10;58.54;57.65;58.23;55.25;57.81;59.33;60.33;59.46;59.21;58.87;58.53;57.49;56.16;55.01;54.16;54.52;54.07;52.87;52.52;50.41;49.71;
Municipios;1489;Torrejón de Ardoz;73.40;72.37;70.92;70.79;70.26;69.67;69.71;69.23;68.92;68.69;68.33;67.88;67.24;66.44;66.26;65.71;64.70;63.95;63.00;61.95;61.06;60.19;59.32;58.11;56.93;55.79;55.01;
Municipios;1505;Torrejón de Velasco;61.57;63.31;63.36;65.09;64.84;65.20;67.73;67.83;69.28;70.19;70.43;69.16;68.54;67.73;67.29;66.21;65.05;63.65;62.69;61.61;60.41;59.28;57.90;56.13;55.52;54.81;53.82;
Municipios;1492;Torrejón de la Calzada;80.49;79.79;78.26;76.54;76.40;74.21;74.06;72.51;72.81;72.66;71.56;71.40;70.66;69.35;68.68;68.56;67.42;65.96;65.16;64.62;64.11;63.37;62.79;62.17;61.50;61.30;60.14;
Municipios;1512;Torrelaguna;61.64;60.13;60.10;59.75;59.25;60.09;62.32;62.95;63.50;63.50;64.47;65.36;65.61;64.96;64.17;62.76;62.07;60.52;59.48;57.87;56.28;55.12;54.45;53.65;52.82;51.44;50.47;
Municipios;1527;Torrelodones;73.68;74.79;74.08;74.70;74.17;72.77;72.79;70.98;70.87;69.67;69.32;68.00;66.76;65.53;64.30;63.02;61.72;60.63;59.29;57.97;56.98;55.89;55.20;54.10;53.52;52.72;52.34;
Municipios;1533;Torremocha de Jarama;56.21;57.18;58.94;58.48;61.54;61.50;62.82;61.76;63.21;63.22;60.84;62.59;63.72;61.76;59.23;55.99;53.48;48.49;48.52;46.47;45.75;45.74;43.96;44.65;44.41;42.22;41.70;
Municipios;1548;Torres de la Alameda;72.74;71.48;70.83;68.43;68.82;68.10;68.16;66.42;67.92;68.69;70.34;70.54;69.77;69.20;67.94;66.52;64.89;63.90;62.59;61.73;60.56;59.33;58.13;56.87;55.47;54.13;53.29;
Municipios;9036;Tres Cantos;79.62;79.19;77.82;77.44;76.50;75.14;74.04;72.49;71.02;69.57;68.24;66.79;65.20;63.57;62.26;60.97;59.95;59.21;58.62;58.30;57.97;57.43;56.83;56.01;55.38;54.99;54.53;
Municipios;1551;Valdaracete;55.23;54.06;54.38;54.62;53.81;53.82;54.65;54.59;55.74;57.12;54.71;55.33;56.65;55.98;55.08;54.29;54.11;51.24;52.43;51.01;50.86;49.68;47.78;47.44;47.72;47.03;46.81;
Municipios;1564;Valdeavero;60.43;60.40;59.30;60.64;59.28;58.17;58.54;58.29;60.92;62.89;64.11;66.84;68.21;68.23;66.91;66.05;65.06;64.07;62.37;61.69;61.03;61.72;60.75;59.65;59.40;56.18;56.20;
Municipios;1570;Valdelaguna;53.89;51.72;50.47;51.07;50.09;51.27;54.40;55.27;57.49;57.49;59.13;59.73;60.55;61.56;60.30;60.72;60.28;58.13;56.87;54.70;53.17;53.16;53.79;52.50;52.30;52.52;51.59;
Municipios;1586;Valdemanco;55.92;54.83;54.34;53.28;52.61;51.10;53.48;56.11;58.62;60.51;61.69;63.32;61.64;60.50;59.57;58.27;57.62;58.74;55.86;53.46;51.53;51.67;49.45;50.67;49.22;48.01;47.25;
Municipios;1599;Valdemaqueda;61.66;60.61;60.66;59.12;57.98;57.46;60.74;60.99;62.04;63.00;61.21;59.79;57.93;57.24;58.07;58.44;57.94;55.97;53.18;53.02;50.26;46.52;47.25;47.74;46.21;44.00;42.49;
Municipios;1603;Valdemorillo;67.50;67.96;67.78;68.70;68.61;68.75;69.78;69.58;69.81;69.29;69.05;68.27;67.30;66.10;65.19;63.76;62.65;61.51;60.02;58.08;56.63;54.98;53.89;52.72;52.11;51.01;50.41;
Municipios;1610;Valdemoro;76.28;77.37;76.40;77.13;77.17;76.79;77.06;76.86;76.98;77.28;77.43;77.35;76.90;76.16;75.19;74.04;72.61;71.31;69.72;68.10;66.43;64.52;62.82;61.09;59.30;57.71;56.54;
Municipios;1625;Valdeolmos-Alalpardo;69.54;67.25;66.43;65.80;63.75;62.39;62.89;63.64;64.87;66.47;66.34;67.72;68.30;68.77;68.87;68.60;68.54;67.66;66.21;65.15;64.49;63.85;62.96;61.63;60.08;59.03;57.64;
Municipios;1631;Valdepiélagos;57.49;57.74;57.64;57.38;56.54;57.14;58.51;61.01;64.29;61.89;62.68;61.88;61.02;62.23;61.18;61.82;61.50;59.15;56.01;56.62;56.39;55.75;54.45;54.23;51.37;49.76;48.49;
Municipios;1646;Valdetorres de Jarama;66.00;64.50;65.49;65.52;66.07;66.21;67.17;67.07;66.76;66.55;67.31;65.65;64.78;64.62;63.25;62.76;61.14;59.83;58.43;57.75;56.67;55.66;54.48;53.02;52.73;52.34;51.53;
Municipios;1659;Valdilecha;65.00;65.58;65.08;64.95;65.18;65.31;65.81;67.04;66.75;66.51;66.28;66.99;67.11;66.87;65.53;65.41;64.30;62.38;61.21;60.42;59.42;58.31;57.62;57.34;56.35;56.25;56.10;
Municipios;1662;Valverde de Alcalá;52.83;54.14;53.51;58.28;59.55;58.41;61.14;61.65;62.83;64.18;65.49;62.82;62.37;58.80;58.12;58.62;56.07;54.44;53.97;54.88;50.82;50.23;50.11;49.00;50.10;49.81;49.25;
Municipios;1678;Velilla de San Antonio;81.29;82.85;81.67;81.42;81.20;79.41;79.37;78.24;78.05;76.92;76.51;75.35;74.11;73.15;71.47;70.50;69.48;68.13;66.59;64.98;63.22;62.04;60.50;59.36;58.36;57.43;57.35;
Municipios;1684;Vellón (El);54.55;54.48;54.68;55.62;56.05;55.07;57.70;57.91;56.73;56.06;57.68;59.45;62.80;61.99;63.30;61.85;60.53;60.36;58.40;57.10;55.78;56.54;55.77;56.29;55.66;54.34;53.61;
Municipios;1697;Venturada;62.15;67.61;67.71;66.79;68.55;68.56;68.33;68.34;68.02;68.92;68.68;66.81;65.28;63.58;62.85;60.99;58.99;57.93;56.96;54.97;52.76;51.32;51.41;50.74;49.83;48.99;48.69;
Municipios;1718;Villa del Prado;57.00;59.62;59.26;58.39;58.55;60.67;62.14;62.14;62.75;62.65;63.65;63.44;63.54;63.05;61.90;61.32;60.38;59.01;57.37;56.78;55.69;55.20;54.28;54.26;53.98;53.32;53.48;
Municipios;1701;Villaconejos;62.05;59.89;61.88;60.42;61.47;60.60;61.11;61.56;60.86;59.90;61.58;60.05;61.79;61.92;61.47;60.73;59.54;58.83;57.18;56.75;55.79;54.74;54.46;54.30;52.88;51.99;51.40;
Municipios;1723;Villalbilla;69.91;68.42;68.60;68.62;68.84;68.53;69.49;69.21;69.76;68.43;68.47;67.96;67.58;68.67;68.61;68.48;68.19;67.49;66.82;66.20;65.52;64.85;64.14;63.28;62.80;62.29;61.65;
Municipios;1739;Villamanrique de Tajo;54.87;53.65;56.11;56.66;57.82;56.87;57.43;56.46;59.49;58.77;60.34;60.47;60.94;60.38;59.60;58.99;59.15;56.64;54.86;53.62;50.72;50.36;50.36;48.66;49.74;47.84;47.33;
Municipios;1744;Villamanta;63.78;64.71;63.94;63.53;63.56;63.86;63.98;62.26;63.99;63.79;62.36;59.48;59.28;58.27;58.36;57.33;57.20;56.40;54.81;53.38;52.11;51.50;51.70;51.29;51.59;51.93;50.72;
Municipios;1757;Villamantilla;51.78;54.78;54.52;55.39;53.12;53.44;60.58;62.27;65.01;66.49;65.64;65.27;66.08;67.12;68.50;67.62;68.01;66.96;65.79;64.47;63.46;61.69;59.47;58.03;57.10;55.91;54.92;
Municipios;1782;Villanueva de Perales;61.26;61.16;62.21;59.96;67.45;66.71;71.35;69.44;69.34;71.15;69.97;68.43;69.16;68.35;66.64;64.94;63.58;61.73;59.40;58.14;56.62;55.59;53.74;53.96;53.11;52.38;52.04;
Municipios;1760;Villanueva de la Cañada;75.79;76.48;75.42;75.42;74.66;73.55;73.23;72.14;71.80;71.31;71.03;69.94;68.89;67.91;66.94;65.74;64.66;63.49;62.38;61.45;60.76;60.44;59.60;59.23;58.71;57.59;57.31;
Municipios;1776;Villanueva del Pardillo;77.38;77.87;77.98;77.52;77.62;77.05;78.70;79.52;80.24;81.18;80.78;80.00;79.23;78.33;77.07;75.86;74.39;73.02;70.98;69.24;67.15;64.72;62.52;60.59;58.75;56.94;55.75;
Municipios;1795;Villar del Olmo;70.50;72.52;71.55;71.76;71.65;70.23;71.29;71.06;70.74;70.11;68.46;67.18;65.79;64.28;62.72;61.17;59.62;57.60;55.83;53.36;52.33;50.89;50.27;50.70;51.05;51.19;51.29;
Municipios;1809;Villarejo de Salvanés;66.57;66.38;65.76;65.70;65.25;64.86;64.53;63.73;64.25;64.13;64.03;64.43;64.57;63.55;62.34;61.98;60.86;60.20;59.30;58.60;57.79;56.99;55.86;54.93;54.48;53.60;53.27;
Municipios;1816;Villaviciosa de Odón;67.79;66.99;65.72;65.98;65.47;64.47;64.56;63.13;62.72;63.00;61.75;61.11;60.28;59.55;58.44;57.62;57.16;56.08;55.31;54.46;53.66;52.72;51.98;51.43;50.60;49.71;49.69;
Municipios;1821;Villavieja del Lozoya;47.22;48.26;50.58;46.07;48.65;50.27;52.31;54.59;53.89;54.21;53.54;50.38;52.33;51.97;46.53;50.18;47.65;44.36;44.29;43.33;43.82;45.74;43.48;40.08;38.93;43.54;45.74;
Municipios;1837;Zarzalejo;60.38;59.63;60.12;58.99;60.32;61.69;61.83;60.63;64.76;63.10;63.25;60.04;60.22;59.30;57.50;57.35;57.12;57.30;55.56;53.16;53.82;52.72;51.63;49.94;50.14;48.47;47.75;
Notas;
Datos oficiales INE. Para 1996 datos de padrón. Desde 1998 hasta 2020, datos de padrón continuo. A partir de 2021, datos del Censo anual de población.;
;
(Población menor de 45 años a fecha 1 de enero/total población 1 de enero) *100.;
