Población.Estructura y evolución de la población.Población empadronada.Total. Población empadronada de 85 a 89 años. Unidad: Número. Fuente: Dirección General de Economía. Comunidad de Madrid.;
Serie;;;1996;1998;1999;2000;2001;2002;2003;2004;2005;2006;2007;2008;2009;2010;2011;2012;2013;2014;2015;2016;2017;2018;2019;2020;2021;2022
Comunidad de Madrid;;Comunidad de Madrid;45255;45623;53958;54876;57706;60458;60711;62973;61100;63980;67073;73510;79067;84454;88394;92504;95712;100207;104862;109502;113456;118499;122710;125965;123658;126636;
Zonas Estadísticas;01;Municipio de Madrid ;33391;33139;39811;39811;41847;44210;44184;44665;44337;46091;47787;51801;55152;58671;61217;63719;65666;68623;71484;74450;76866;79993;82072;83682;81727;82181;
Zonas Estadísticas;02;Norte Metropolitano ;1072;1029;1195;1240;1350;1422;1431;1495;1445;1535;1693;1952;2162;2333;2468;2670;2833;2934;3096;3253;3388;3583;3810;3986;3949;4173;
Zonas Estadísticas;03;Este Metropolitano  ;1939;2027;2226;2416;2554;2660;2613;2920;2693;2981;3221;3547;3964;4330;4506;4828;5199;5554;5839;6177;6369;6613;7045;7441;7250;7682;
Zonas Estadísticas;04;Sur Metropolitano   ;4430;4800;5603;6023;6369;6494;6678;7314;6663;7142;7704;8482;9284;9817;10333;10961;11335;11917;12603;13116;13736;14712;15480;16162;16417;17532;
Zonas Estadísticas;05;Oeste Metropolitano ;1624;1709;1875;2033;2080;2112;2265;2576;2281;2423;2605;3003;3216;3467;3665;3929;4098;4334;4667;4952;5301;5495;5838;6070;6099;6420;
Zonas Estadísticas;06;Sierra Norte        ;372;407;453;465;485;496;451;516;490;468;516;557;566;615;673;726;726;767;802;817;826;866;876;882;820;861;
Zonas Estadísticas;07;Nordeste Comunidad  ;156;155;172;180;191;199;209;240;214;217;227;272;288;340;372;418;430;468;522;553;574;607;632;683;661;725;
Zonas Estadísticas;08;Sudeste Comunidad   ;687;690;824;817;864;846;835;918;792;860;908;1060;1217;1310;1376;1427;1503;1547;1592;1688;1723;1829;1933;1863;1742;1787;
Zonas Estadísticas;09;Sudoeste Comunidad  ;537;520;536;557;596;590;645;793;728;754;838;1033;1253;1379;1424;1372;1375;1386;1418;1485;1546;1617;1735;1797;1732;1864;
Zonas Estadísticas;10;Sierra Sur          ;389;381;418;415;423;429;419;448;427;467;499;573;633;682;703;689;684;736;774;800;828;848;889;885;794;796;
Zonas Estadísticas;11;Sierra Central      ;658;766;845;919;947;1000;981;1088;1030;1042;1075;1230;1332;1510;1657;1765;1863;1941;2065;2211;2299;2336;2400;2514;2467;2615;
Municipios;0014;Acebeda (La);4;3;2;1;1;0;0;2;3;5;3;5;4;3;3;3;3;3;3;2;4;4;5;5;4;2;
Municipios;0029;Ajalvir;7;10;12;13;16;16;14;16;20;23;28;30;29;26;30;40;41;35;33;42;43;47;48;45;46;48;
Municipios;0035;Alameda del Valle;5;8;11;8;8;7;6;7;5;5;5;4;5;4;5;7;8;8;8;9;6;8;6;4;5;5;
Municipios;0040;Alamo (El);53;50;52;46;55;56;59;72;66;70;78;133;163;201;229;225;232;234;236;222;219;246;235;250;237;262;
Municipios;0053;Alcalá de Henares;890;943;1025;1104;1109;1134;1136;1230;1187;1268;1382;1483;1677;1772;1846;1963;2093;2167;2224;2319;2388;2503;2723;2941;2913;3127;
Municipios;0066;Alcobendas;327;311;412;458;511;531;528;520;544;545;602;675;748;803;851;912;973;1005;1069;1137;1152;1200;1344;1412;1409;1508;
Municipios;0072;Alcorcón;832;975;1115;1245;1294;1292;1321;1495;1217;1287;1384;1488;1620;1693;1726;1782;1831;1896;1997;2086;2228;2448;2561;2801;2869;3164;
Municipios;0088;Aldea del Fresno;13;9;10;12;13;18;22;25;26;26;29;35;34;37;43;44;31;34;33;35;40;50;66;73;73;84;
Municipios;0091;Algete;32;33;44;44;59;54;52;55;59;73;85;90;106;114;121;131;126;144;151;169;175;206;233;254;243;258;
Municipios;0105;Alpedrete;29;39;51;54;57;60;51;55;65;69;69;77;74;95;115;111;114;115;134;154;167;185;177;187;169;186;
Municipios;0112;Ambite;12;13;18;13;12;12;10;7;8;12;16;14;15;15;9;6;11;13;14;11;14;13;16;20;23;27;
Municipios;0127;Anchuelo;5;4;10;7;9;6;7;5;3;3;6;7;10;14;13;17;16;22;22;22;23;24;21;16;12;8;
Municipios;0133;Aranjuez;374;401;492;516;522;518;486;513;476;516;567;602;661;681;726;759;791;868;933;950;973;1016;1035;1043;1023;1017;
Municipios;0148;Arganda del Rey;245;230;255;274;276;275;244;263;270;292;314;339;353;385;409;444;460;506;545;573;556;556;585;592;515;524;
Municipios;0151;Arroyomolinos;19;18;18;20;21;20;23;22;25;23;24;32;49;57;51;54;56;55;60;57;59;71;81;90;98;112;
Municipios;0164;Atazar (El);2;3;3;4;3;3;2;2;4;5;2;5;7;4;5;4;4;2;2;1;3;3;3;3;5;4;
Municipios;0170;Batres;2;4;7;6;5;4;7;4;7;9;7;4;4;4;6;10;10;11;9;10;12;18;17;17;18;18;
Municipios;0186;Becerril de la Sierra;19;23;30;30;28;35;47;44;45;50;53;51;53;56;58;55;58;62;68;71;80;87;94;88;91;80;
Municipios;0199;Belmonte de Tajo;11;6;9;9;13;15;18;19;21;17;17;24;27;32;36;34;36;36;36;37;40;41;37;26;35;29;
Municipios;0210;Berrueco (El);5;4;5;9;9;12;8;11;6;8;11;10;9;13;15;15;14;16;15;28;27;24;20;23;24;25;
Municipios;0203;Berzosa del Lozoya;2;1;1;1;3;2;2;3;5;5;4;4;4;5;5;7;7;7;5;6;5;4;4;6;3;2;
Municipios;0225;Boadilla del Monte;96;90;101;119;124;123;123;119;111;116;126;191;231;244;255;264;279;321;359;366;402;432;495;525;537;580;
Municipios;0231;Boalo (El);16;19;23;26;29;29;30;26;25;28;29;41;42;49;45;49;51;63;71;85;76;85;68;72;77;76;
Municipios;0246;Braojos;2;2;2;4;4;4;3;4;1;1;1;2;1;1;1;0;3;4;6;7;5;5;4;5;6;7;
Municipios;0259;Brea de Tajo;12;12;14;14;14;16;13;14;12;14;9;12;13;14;13;16;14;13;17;17;14;14;16;20;20;17;
Municipios;0262;Brunete;95;97;96;98;88;86;87;97;85;77;85;87;87;82;88;90;95;88;111;106;103;100;118;129;121;136;
Municipios;0278;Buitrago del Lozoya;28;25;29;18;20;20;19;24;22;21;26;33;37;46;46;53;47;59;55;57;43;46;44;42;41;43;
Municipios;0284;Bustarviejo;23;26;29;32;39;37;33;36;31;24;20;22;28;34;43;54;52;48;50;51;45;44;47;55;55;51;
Municipios;0297;Cabanillas de la Sierra;5;6;7;11;9;10;11;10;8;5;6;5;6;5;5;5;7;10;13;20;20;16;16;14;11;10;
Municipios;0301;Cabrera (La);10;15;15;12;17;17;19;25;26;16;19;17;15;27;27;28;36;45;44;50;48;50;46;53;48;59;
Municipios;0318;Cadalso de los Vidrios;34;37;37;32;36;37;36;55;54;64;72;67;62;70;68;56;59;53;57;66;92;81;86;86;72;49;
Municipios;0323;Camarma de Esteruelas;14;16;17;15;15;17;19;20;19;14;17;27;26;28;31;30;32;38;45;43;46;54;53;75;73;75;
Municipios;0339;Campo Real;30;30;29;39;44;42;36;44;45;43;52;59;72;70;76;74;75;75;80;103;109;123;130;130;100;108;
Municipios;0344;Canencia;16;15;14;16;11;18;18;15;14;12;12;17;13;16;20;18;16;18;16;18;21;23;25;23;22;25;
Municipios;0357;Carabaña;15;18;21;15;19;14;17;19;15;23;27;34;38;48;49;43;48;47;34;41;45;44;51;55;50;48;
Municipios;0360;Casarrubuelos;6;8;7;8;6;7;10;11;7;8;5;5;5;9;10;14;20;22;26;27;28;28;22;16;19;21;
Municipios;0376;Cenicientos;46;44;52;48;53;51;43;51;52;55;63;74;77;75;76;79;76;82;95;94;83;83;81;74;73;80;
Municipios;0382;Cercedilla;55;70;85;94;90;83;86;80;65;64;65;98;125;139;168;156;154;135;138;130;130;137;132;134;140;144;
Municipios;0395;Cervera de Buitrago;3;3;1;2;1;1;2;2;4;3;3;1;2;5;6;8;10;8;6;5;5;6;3;5;6;9;
Municipios;0513;Chapinería;16;11;13;13;11;11;13;14;18;23;28;24;31;38;33;37;41;42;45;55;50;59;58;57;52;54;
Municipios;0528;Chinchón;46;58;68;71;68;65;61;70;62;69;71;72;90;103;108;106;98;95;99;109;121;128;135;122;118;114;
Municipios;0409;Ciempozuelos;146;144;173;170;172;149;148;152;150;158;178;219;271;300;319;363;383;413;393;359;343;358;373;409;413;428;
Municipios;0416;Cobeña;9;10;13;18;20;15;18;19;17;16;23;28;30;35;35;45;40;50;52;60;63;65;67;71;64;58;
Municipios;0468;Collado Mediano;24;30;36;30;37;38;29;35;28;37;36;54;55;61;60;69;68;69;73;77;78;71;82;87;93;102;
Municipios;0474;Collado Villalba;176;199;225;256;269;256;258;314;272;294;323;388;399;438;493;538;574;628;665;727;753;758;836;857;860;910;
Municipios;0455;Colmenar Viejo;341;276;311;281;303;325;359;368;371;379;410;443;473;481;520;566;620;638;658;677;695;686;716;725;706;713;
Municipios;0437;Colmenar de Oreja;64;66;79;70;69;76;76;78;62;70;84;96;110;116;125;113;122;121;135;142;143;155;169;173;163;173;
Municipios;0421;Colmenar del Arroyo;37;32;36;32;29;33;31;25;31;37;34;37;48;48;64;51;60;51;49;38;36;39;44;48;45;42;
Municipios;0442;Colmenarejo;18;28;26;31;31;31;39;46;41;35;43;44;46;48;55;50;65;83;82;80;80;73;74;72;94;97;
Municipios;0480;Corpa;7;7;7;10;8;6;5;5;3;4;5;5;6;9;10;13;12;14;13;11;15;16;15;15;15;14;
Municipios;0493;Coslada;278;307;319;353;373;377;363;485;357;416;415;460;483;559;557;622;684;747;781;800;800;867;902;910;899;928;
Municipios;0506;Cubas de la Sagra;30;27;29;27;30;33;33;31;24;33;36;33;46;48;51;55;58;90;94;98;103;106;101;92;89;83;
Municipios;0534;Daganzo de Arriba;17;11;14;12;14;12;21;25;22;21;22;26;23;29;39;48;53;62;65;62;56;60;70;66;68;91;
Municipios;0549;Escorial (El);81;67;77;90;100;117;117;125;135;140;131;145;148;146;161;195;218;223;249;263;272;279;284;297;287;291;
Municipios;0552;Estremera;13;11;21;22;26;28;22;24;17;21;20;50;62;50;46;45;51;53;56;56;45;52;60;55;49;52;
Municipios;0565;Fresnedillas de la Oliva;6;5;9;9;15;12;14;14;14;7;9;11;17;22;20;20;19;19;22;19;20;23;21;19;18;17;
Municipios;0571;Fresno de Torote;0;1;1;3;2;3;1;4;5;5;3;3;2;3;4;4;7;7;12;15;18;20;18;17;23;28;
Municipios;0587;Fuenlabrada;294;325;380;416;442;465;514;606;537;591;662;756;837;903;981;1092;1136;1215;1277;1368;1382;1459;1510;1548;1605;1649;
Municipios;0590;Fuente el Saz de Jarama;20;27;25;24;28;26;31;33;32;29;31;35;37;53;56;70;72;78;87;76;77;79;82;83;88;92;
Municipios;0604;Fuentidueña de Tajo;28;25;32;24;23;26;24;22;21;21;23;28;30;35;38;35;29;36;33;39;46;50;46;45;46;40;
Municipios;0611;Galapagar;88;84;108;116;132;127;130;146;121;130;148;161;182;191;207;222;239;257;286;328;353;371;388;410;422;411;
Municipios;0626;Garganta de los Montes;6;3;4;6;8;8;8;9;7;4;7;9;10;12;9;8;11;12;11;11;9;8;6;9;7;4;
Municipios;0632;Gargantilla del Lozoya y Pinilla de Buitrago;5;6;9;8;6;7;7;5;5;5;8;14;11;13;11;12;11;10;10;8;7;6;6;6;5;7;
Municipios;0647;Gascones;3;2;3;1;2;1;1;0;1;1;2;3;5;4;4;4;2;1;1;1;2;2;2;2;2;1;
Municipios;0650;Getafe;811;871;992;1023;1073;1137;1109;1205;1104;1148;1266;1377;1473;1555;1631;1712;1781;1908;1993;2085;2137;2264;2409;2537;2569;2755;
Municipios;0663;Griñón;33;44;36;42;44;48;56;65;64;66;91;101;110;120;129;130;139;126;129;145;136;151;166;167;160;166;
Municipios;0679;Guadalix de la Sierra;31;40;31;34;46;49;44;57;41;40;49;52;59;73;72;79;73;84;89;84;83;83;89;94;101;103;
Municipios;0685;Guadarrama;54;79;78;86;92;109;111;123;123;123;126;126;145;175;184;215;229;245;257;268;295;293;298;321;291;295;
Municipios;0698;Hiruela (La);4;4;5;2;0;3;3;1;2;3;2;3;4;1;2;2;3;4;2;1;1;2;1;2;2;1;
Municipios;0702;Horcajo de la Sierra-Aoslos;4;6;10;9;10;11;10;6;4;6;7;6;7;6;7;7;4;4;3;3;2;2;1;2;1;1;
Municipios;0719;Horcajuelo de la Sierra;0;2;3;3;3;1;2;2;1;2;1;4;4;7;6;8;6;6;4;4;2;2;2;1;1;2;
Municipios;0724;Hoyo de Manzanares;28;25;28;25;25;27;33;38;46;48;49;55;61;61;64;80;92;92;102;111;120;130;131;118;107;112;
Municipios;0730;Humanes de Madrid;20;24;24;25;26;30;29;36;30;34;35;45;73;86;103;114;101;91;98;101;95;116;119;128;122;133;
Municipios;0745;Leganés;836;864;998;1050;1134;1148;1206;1337;1165;1278;1346;1507;1601;1678;1743;1812;1870;1963;2104;2186;2420;2668;2881;3008;3143;3386;
Municipios;0758;Loeches;16;22;28;26;32;35;30;29;21;19;23;31;30;35;37;42;45;52;50;58;64;75;73;82;81;75;
Municipios;0761;Lozoya;8;6;9;7;7;13;9;14;10;15;14;14;17;22;19;16;17;20;13;14;13;11;11;12;11;12;
Municipios;9015;Lozoyuela-Navas-Sieteiglesias;12;13;17;16;17;16;13;16;18;15;15;16;14;13;10;13;17;20;24;27;24;34;41;38;33;44;
Municipios;0783;Madarcos;1;1;2;2;2;2;1;0;0;0;0;0;1;0;1;1;1;0;1;1;1;1;1;2;2;2;
Municipios;0796;Madrid;33391;33139;39811;39811;41847;44210;44184;44665;44337;46091;47787;51801;55152;58671;61217;63719;65666;68623;71484;74450;76866;79993;82072;83682;81727;82181;
Municipios;0800;Majadahonda;187;207;226;246;245;274;310;366;348;362;380;445;478;524;557;577;589;608;647;682;754;799;823;867;875;945;
Municipios;0822;Manzanares el Real;27;28;26;26;23;26;24;31;30;34;38;53;54;59;63;68;69;67;67;84;88;85;83;88;87;99;
Municipios;0838;Meco;17;14;18;21;21;24;26;28;24;32;35;39;46;56;57;59;60;60;68;87;88;95;103;106;94;100;
Municipios;0843;Mejorada del Campo;44;51;53;58;74;77;69;77;77;81;97;106;110;112;115;129;139;165;170;190;199;196;191;208;205;218;
Municipios;0856;Miraflores de la Sierra;51;50;54;52;47;53;59;68;60;55;48;53;54;64;64;66;62;57;53;65;72;80;82;89;89;79;
Municipios;0869;Molar (El);38;38;36;43;38;38;36;51;38;41;45;50;50;59;56;56;57;60;78;88;101;104;106;108;94;99;
Municipios;0875;Molinos (Los);57;48;56;65;67;62;53;55;44;44;39;39;44;51;53;54;65;64;74;82;86;77;89;91;92;96;
Municipios;0881;Montejo de la Sierra;21;20;17;16;13;16;10;12;6;6;5;5;10;14;16;19;19;18;17;18;18;18;19;18;10;12;
Municipios;0894;Moraleja de Enmedio;35;23;23;24;26;27;22;31;26;24;30;39;37;37;29;25;25;26;37;44;39;53;64;71;65;72;
Municipios;0908;Moralzarzal;21;31;35;43;44;39;44;55;58;43;48;62;71;89;100;116;104;108;135;129;129;133;143;153;145;173;
Municipios;0915;Morata de Tajuña;92;65;84;80;84;79;79;112;83;91;97;115;125;140;151;165;185;179;181;188;175;190;200;181;131;152;
Municipios;0920;Móstoles;633;719;849;966;1029;1063;1155;1241;1178;1286;1333;1451;1574;1671;1725;1841;1905;2006;2091;2118;2182;2277;2325;2349;2395;2576;
Municipios;0936;Navacerrada;12;13;15;14;18;24;16;23;19;23;20;25;27;33;35;37;39;41;36;37;42;39;40;50;54;71;
Municipios;0941;Navalafuente;6;8;8;9;6;4;4;4;5;4;6;7;9;9;13;12;17;17;20;16;17;18;16;16;17;15;
Municipios;0954;Navalagamella;12;14;10;19;18;19;25;26;19;19;17;25;24;25;26;31;28;25;20;28;31;31;30;28;26;27;
Municipios;0967;Navalcarnero;165;142;162;149;164;169;177;230;209;220;241;293;354;371;389;343;312;315;307;341;353;357;370;385;371;418;
Municipios;0973;Navarredonda y San Mamés;1;0;0;0;0;1;1;2;2;2;2;6;10;10;10;9;7;5;7;6;8;7;7;6;4;5;
Municipios;0992;Navas del Rey;25;23;22;22;21;20;24;28;29;27;30;35;38;37;39;36;41;37;36;48;50;58;64;67;55;61;
Municipios;1006;Nuevo Baztán;8;8;8;17;18;17;21;18;21;18;19;20;19;21;23;32;35;38;44;44;43;44;49;41;45;58;
Municipios;1013;Olmeda de las Fuentes;3;5;5;3;2;0;1;1;2;4;4;3;3;4;5;6;6;6;8;7;6;7;8;6;8;9;
Municipios;1028;Orusco de Tajuña;13;9;13;13;12;11;14;21;17;43;32;24;35;32;43;57;49;44;47;55;52;47;51;51;48;48;
Municipios;1049;Paracuellos de Jarama;12;17;25;24;32;34;40;41;37;42;47;41;41;46;47;52;68;87;98;115;132;138;152;158;153;162;
Municipios;1065;Parla;214;220;251;274;300;302;298;325;348;360;403;461;518;524;573;621;632;655;717;761;803;819;867;875;846;889;
Municipios;1071;Patones;2;4;12;11;11;14;12;10;20;17;35;33;26;19;24;24;27;31;29;30;34;33;32;27;19;20;
Municipios;1087;Pedrezuela;11;14;15;16;16;19;28;28;36;37;27;31;30;32;42;44;34;35;40;50;56;65;72;74;67;66;
Municipios;1090;Pelayos de la Presa;33;25;33;31;30;23;24;20;17;18;21;33;39;43;49;61;52;59;62;49;47;50;45;55;58;66;
Municipios;1104;Perales de Tajuña;33;31;40;39;32;31;26;34;35;34;34;40;36;35;35;36;40;42;42;40;45;49;52;54;56;54;
Municipios;1111;Pezuela de las Torres;12;12;17;16;17;15;16;16;14;10;10;12;13;13;14;18;17;19;21;22;20;24;27;23;24;22;
Municipios;1126;Pinilla del Valle;4;2;2;1;3;3;3;3;5;6;9;10;9;6;7;7;5;6;6;5;5;7;6;7;7;7;
Municipios;1132;Pinto;116;106;135;154;179;180;195;194;221;229;261;289;320;337;387;404;401;404;450;470;482;522;569;588;585;627;
Municipios;1147;Piñuécar-Gandullas;4;3;4;5;5;5;3;3;5;4;4;4;6;4;5;5;6;2;1;3;5;5;9;11;12;11;
Municipios;1150;Pozuelo de Alarcón;398;429;450;482;469;483;487;547;484;527;575;646;683;733;737;771;814;850;917;995;1080;1088;1143;1238;1304;1327;
Municipios;1163;Pozuelo del Rey;2;2;3;3;5;6;7;8;7;5;4;3;3;8;8;12;11;9;7;7;5;7;12;14;12;12;
Municipios;1179;Prádena del Rincón;4;7;8;7;6;7;6;4;3;4;3;1;2;3;4;6;7;6;7;8;6;8;8;9;8;8;
Municipios;1185;Puebla de la Sierra;2;3;3;2;1;1;0;0;0;4;6;5;5;4;2;1;1;1;1;1;2;2;3;3;1;1;
Municipios;9020;Puentes Viejas;8;7;10;9;12;11;10;8;9;8;10;11;14;15;14;17;16;15;15;14;14;11;10;13;15;18;
Municipios;1198;Quijorna;13;14;17;16;13;13;15;18;14;11;9;11;17;30;30;28;32;33;27;31;32;26;30;41;37;47;
Municipios;1202;Rascafría;17;18;26;31;34;28;24;37;27;30;39;43;34;35;38;45;42;42;41;41;39;43;46;49;45;43;
Municipios;1219;Redueña;6;5;1;4;4;5;4;5;5;3;2;0;0;2;1;1;2;2;1;1;1;1;1;3;4;7;
Municipios;1224;Ribatejada;3;4;4;5;7;5;1;2;4;5;4;10;20;17;23;23;19;13;16;14;16;16;19;16;14;17;
Municipios;1230;Rivas-Vaciamadrid;31;38;44;67;84;102;96;119;115;119;137;164;222;263;294;308;339;347;373;422;453;445;508;547;549;604;
Municipios;1245;Robledillo de la Jara;3;3;3;3;1;2;3;5;7;6;4;2;3;2;3;5;4;5;5;4;3;3;4;5;3;4;
Municipios;1258;Robledo de Chavela;32;38;41;43;37;43;37;37;32;42;45;50;59;57;59;53;59;82;91;91;98;100;104;99;84;89;
Municipios;1261;Robregordo;3;2;5;5;8;4;3;2;1;1;2;3;4;6;5;5;5;2;4;3;4;5;6;5;6;8;
Municipios;1277;Rozas de Madrid (Las);300;340;362;398;415;412;477;549;452;475;517;568;592;662;697;782;802;854;913;926;969;1024;1043;1034;958;1037;
Municipios;1283;Rozas de Puerto Real;6;7;7;7;5;5;6;12;7;10;9;8;11;10;11;14;15;20;18;19;20;19;27;26;23;19;
Municipios;1296;San Agustín del Guadalix;20;24;28;28;27;35;24;27;21;25;35;49;56;59;67;64;70;80;79;84;85;99;102;122;125;136;
Municipios;1300;San Fernando de Henares;84;92;98;106;131;150;151;155;136;164;197;242;275;307;327;338;368;403;442;450;466;465;461;500;486;516;
Municipios;1317;San Lorenzo de El Escorial;131;151;165;155;160;164;147;185;156;147;167;195;205;215;241;246;278;296;297;321;333;320;344;362;340;362;
Municipios;1338;San Martín de Valdeiglesias;105;108;125;119;121;127;116;114;108;120;129;156;174;201;198;193;179;210;219;221;226;227;250;244;210;206;
Municipios;1322;San Martín de la Vega;51;54;63;56;61;66;63;63;73;70;78;81;92;105;121;123;129;123;130;152;145;150;168;173;177;188;
Municipios;1343;San Sebastián de los Reyes;246;280;287;310;320;342;318;360;305;349;388;457;500;555;554;604;641;652;708;722;790;864;877;899;911;959;
Municipios;1356;Santa María de la Alameda;11;9;10;12;13;18;18;21;20;19;16;17;15;17;17;17;19;21;25;29;27;24;30;30;26;28;
Municipios;1369;Santorcaz;6;9;9;9;12;13;13;11;15;11;12;9;10;7;5;6;8;6;7;9;15;19;22;26;26;21;
Municipios;1375;Santos de la Humosa (Los);18;21;22;15;15;14;13;16;12;10;12;8;12;16;16;23;26;26;22;25;20;23;21;21;21;24;
Municipios;1381;Serna del Monte (La);1;0;0;1;2;1;2;2;0;0;0;0;0;1;1;1;2;3;4;2;2;1;1;1;1;1;
Municipios;1408;Serranillos del Valle;21;20;19;19;12;14;35;38;30;32;23;19;17;19;22;24;51;57;52;49;53;46;49;44;47;39;
Municipios;1415;Sevilla la Nueva;8;10;11;19;22;23;32;50;37;35;41;60;121;130;117;104;105;98;108;100;103;94;123;130;115;133;
Municipios;1436;Somosierra;0;1;1;1;3;6;4;6;6;6;6;5;3;2;3;3;3;3;4;3;3;3;5;3;3;3;
Municipios;1441;Soto del Real;26;41;41;54;52;47;44;51;49;64;74;73;75;85;105;114;114;126;133;140;138;147;156;154;155;174;
Municipios;1454;Talamanca de Jarama;12;12;15;14;16;19;20;20;21;24;20;24;27;27;29;33;33;38;39;50;52;52;43;53;50;56;
Municipios;1467;Tielmes;24;23;29;26;32;32;37;54;49;43;43;42;46;49;51;57;59;68;61;66;63;62;70;68;62;64;
Municipios;1473;Titulcia;15;16;17;20;19;13;11;8;7;8;6;11;16;17;15;16;14;16;19;20;17;18;17;17;18;24;
Municipios;1489;Torrejón de Ardoz;329;328;376;399;438;469;476;510;478;551;568;644;729;814;834;881;952;1034;1111;1198;1249;1302;1377;1441;1376;1444;
Municipios;1505;Torrejón de Velasco;17;19;21;26;34;30;34;37;32;33;43;39;51;49;41;36;39;35;30;40;44;38;53;57;64;73;
Municipios;1492;Torrejón de la Calzada;5;9;11;15;15;18;21;23;25;21;26;28;33;41;50;41;48;44;52;54;67;70;79;71;64;70;
Municipios;1512;Torrelaguna;52;57;63;70;73;73;67;79;77;73;80;84;78;79;88;92;80;86;108;103;116;120;113;92;78;83;
Municipios;1527;Torrelodones;54;56;60;68;80;82;88;101;101;108;107;111;125;149;159;181;191;188;198;205;230;244;256;269;274;320;
Municipios;1533;Torremocha de Jarama;18;16;18;17;17;12;12;14;18;15;13;13;12;15;24;24;30;31;35;28;36;42;49;49;42;46;
Municipios;1548;Torres de la Alameda;18;17;23;28;52;64;90;94;60;61;54;86;107;108;115;110;126;136;140;143;138;148;157;140;122;134;
Municipios;9036;Tres Cantos;97;95;100;101;110;120;132;146;128;148;150;210;249;286;320;348;363;365;379;404;428;463;471;503;491;541;
Municipios;1551;Valdaracete;16;14;15;14;17;17;13;17;13;12;11;16;16;15;14;12;11;14;14;17;18;18;15;19;20;26;
Municipios;1564;Valdeavero;4;1;5;4;4;9;8;9;6;8;9;9;9;12;15;21;22;24;23;18;18;17;10;16;15;22;
Municipios;1570;Valdelaguna;7;7;10;11;13;13;12;9;8;10;12;13;14;17;17;16;20;21;22;19;23;24;18;20;20;19;
Municipios;1586;Valdemanco;6;9;9;9;9;5;11;12;9;10;10;9;12;9;11;10;14;14;18;14;14;16;21;24;21;22;
Municipios;1599;Valdemaqueda;6;8;6;8;8;8;9;6;7;8;10;15;14;12;15;13;11;10;10;12;15;18;13;14;13;18;
Municipios;1603;Valdemorillo;26;29;34;33;30;39;37;41;37;43;43;48;61;81;83;89;96;95;107;126;135;139;141;148;153;172;
Municipios;1610;Valdemoro;103;97;131;128;137;144;154;147;164;185;191;206;244;284;298;338;375;375;420;480;546;615;663;703;670;720;
Municipios;1625;Valdeolmos-Alalpardo;12;8;12;13;17;15;17;17;13;14;13;15;13;21;24;29;25;21;23;30;29;30;37;44;41;47;
Municipios;1631;Valdepiélagos;8;11;10;8;5;6;6;7;8;10;10;10;13;10;11;16;15;16;15;13;6;10;9;9;8;10;
Municipios;1646;Valdetorres de Jarama;11;12;15;18;24;25;23;24;22;14;18;24;22;25;27;29;35;51;51;57;67;70;82;90;93;88;
Municipios;1659;Valdilecha;23;25;30;30;28;26;26;21;21;25;26;30;30;31;28;33;41;48;55;60;64;58;52;43;43;44;
Municipios;1662;Valverde de Alcalá;2;4;2;3;3;5;3;4;5;5;3;6;7;5;3;7;9;14;14;15;11;12;9;6;6;8;
Municipios;1678;Velilla de San Antonio;19;11;19;18;21;26;24;24;16;25;36;38;45;46;47;51;55;63;62;68;83;94;98;99;108;111;
Municipios;1684;Vellón (El);10;19;21;26;25;25;16;15;15;16;19;23;24;22;29;36;37;33;41;39;40;41;36;33;34;33;
Municipios;1697;Venturada;6;6;9;11;7;8;4;8;8;8;9;8;6;7;4;4;12;17;13;16;22;26;21;21;24;26;
Municipios;1718;Villa del Prado;79;81;74;86;84;63;60;85;84;100;89;110;110;117;119;125;126;118;119;122;136;143;154;165;152;149;
Municipios;1701;Villaconejos;37;45;44;49;46;37;37;29;26;35;40;42;49;50;59;65;62;62;61;64;68;65;72;77;76;64;
Municipios;1723;Villalbilla;18;25;26;34;33;33;26;30;20;17;24;30;40;54;49;54;70;72;83;86;87;88;103;95;93;102;
Municipios;1739;Villamanrique de Tajo;11;12;16;16;13;11;10;14;12;15;14;10;11;13;15;15;14;17;17;20;17;20;19;18;19;18;
Municipios;1744;Villamanta;25;27;23;26;35;30;28;35;32;28;44;72;80;85;82;83;63;61;65;71;83;78;84;95;92;86;
Municipios;1757;Villamantilla;10;8;8;7;7;8;7;7;5;7;12;9;8;10;13;14;11;13;20;22;22;28;27;23;20;15;
Municipios;1782;Villanueva de Perales;3;7;8;9;10;9;4;9;15;8;10;10;14;14;13;17;17;14;14;17;17;14;14;10;11;16;
Municipios;1760;Villanueva de la Cañada;28;23;26;26;26;34;38;50;53;58;61;84;107;113;114;123;129;131;143;159;155;152;183;208;216;229;
Municipios;1776;Villanueva del Pardillo;11;20;13;36;42;44;47;45;50;43;46;46;53;64;67;75;79;92;91;99;98;106;113;121;110;118;
Municipios;1795;Villar del Olmo;9;6;9;9;10;11;12;15;15;19;18;16;17;18;16;12;10;15;19;20;23;24;27;23;25;27;
Municipios;1809;Villarejo de Salvanés;61;62;66;62;64;57;49;50;60;68;80;92;105;116;134;131;133;118;119;115;134;147;163;161;155;152;
Municipios;1816;Villaviciosa de Odón;174;159;193;199;207;208;234;249;208;228;234;267;271;270;294;301;294;317;326;347;382;397;422;415;425;413;
Municipios;1821;Villavieja del Lozoya;8;9;6;5;3;4;3;6;8;7;8;8;6;5;7;4;4;4;4;4;5;7;8;7;4;3;
Municipios;1837;Zarzalejo;20;20;17;20;26;22;23;25;19;18;16;21;24;27;28;28;25;25;25;31;33;36;36;38;39;40;
Notas;
Para el año 1996 la fecha de referencia es 1 de marzo.;
;
Desde 1998 la fecha de referencia es a 1 de enero de cada año.;
