Mercado de trabajo.Relación con la actividad económica.Trabajadores afiliados.Por ubicación centro de trabajo.Por rama actividad. Total afiliados en alta laboral a la Seguridad Social. Unidad: Número. Fuente: Informe Estadístico de la Tesorería de la Seguridad Social. Ministerio de Inclusión, Seguridad Social y Migraciones.;
Serie;;;1999;2000;2001;2002;2003;2004;2005;2006;2007;2008;2009;2010;2011;2012;2013;2014;2015;2016;2017;2018;2019;2020;2021;2022;2023
Comunidad de Madrid;;Comunidad de Madrid;2200991;2352189;2442145;2510466;2568226;2664966;2885715;2983984;3049474;2949640;2828371;2809013;2787249;2696039;2672138;2749942;2855682;2951788;3070048;3195573;3281028;3211860;3377205;3507267;3646677;
Zonas Estadísticas;01;Municipio de Madrid ;1479064;1589841;1647843;1668948;1691977;1731479;1845735;1905228;1933670;1866454;1776104;1747397;1736667;1684753;1671105;1708654;1795038;1838841;1913935;1994578;2054635;2007040;2109510;2214215;2316150;
Zonas Estadísticas;02;Norte Metropolitano ;111382;121758;131714;147319;157434;163729;179644;194180;208314;208614;202393;206903;204749;199442;192347;196201;198305;203458;212205;222320;225453;218462;229850;238920;247685;
Zonas Estadísticas;03;Este Metropolitano  ;141738;151877;155641;163249;169258;179058;198025;207706;214357;209575;200286;196964;192894;183819;181640;185083;189265;199650;208804;216504;222543;221230;233610;238920;244095;
Zonas Estadísticas;04;Sur Metropolitano   ;243256;261257;274747;284544;293875;311156;343784;360284;365187;345571;332618;326769;319366;298667;291701;313100;308883;324622;340815;355091;363835;362445;378135;381080;389675;
Zonas Estadísticas;05;Oeste Metropolitano ;90101;102735;109745;119464;128362;151294;178044;188122;192291;191553;190657;203011;204621;209922;216048;221937;233634;248496;247713;254024;255393;244380;251300;262200;271200;
Zonas Estadísticas;06;Sierra Norte        ;6856;5603;5627;6118;6979;6904;7979;8428;8893;8607;8101;7615;7051;6444;6449;6633;6887;7271;7493;7873;8120;8124;9070;9030;9090;
Zonas Estadísticas;07;Nordeste Comunidad  ;11677;12836;13746;16022;15178;14422;17698;16710;17945;16523;15670;15397;15205;14987;13997;14756;15677;16224;17192;18078;18098;18017;19005;19860;20655;
Zonas Estadísticas;08;Sudeste Comunidad   ;13862;15221;16451;18383;19657;20595;23006;24809;25675;23559;22466;22845;21933;20650;21148;22189;23245;23997;24616;25274;25412;25280;26680;26995;27585;
Zonas Estadísticas;09;Sudoeste Comunidad  ;15580;17425;19655;21492;23440;25350;28808;31257;34708;32233;32288;32867;33058;31385;31259;32978;35256;37403;43270;45150;46691;45575;54505;47690;48720;
Zonas Estadísticas;10;Sierra Sur          ;3999;4412;4662;5713;5522;5926;6394;7078;6964;6692;6348;6081;5921;5236;5134;5407;5518;5939;6331;6631;6782;6701;7150;7225;7195;
Zonas Estadísticas;11;Sierra Central      ;17666;19757;21491;24312;25636;27382;31678;33013;33809;32204;32266;31926;30837;30099;30225;31118;32040;33162;34433;35950;36490;36115;38345;39250;40225;
Zonas Estadísticas;99;Sin Zona asignada   ;-;-;-;-;-;-;-;-;-;-;-;-;-;-;-;-;-;-;-;-;-;-;-;21890;-;
Municipios;0014;Acebeda (La);111;96;42;36;36;26;29;27;24;19;22;21;19;15;15;12;16;16;14;17;12;17;25;25;20;
Municipios;0029;Ajalvir;3179;3547;3536;3592;4510;4387;4639;4725;4982;4975;4453;4236;4232;3872;3943;3903;4092;4023;3995;4281;4512;4506;5025;5180;5455;
Municipios;0035;Alameda del Valle;43;43;56;56;55;54;64;66;68;67;67;55;51;46;53;48;51;46;52;58;55;51;45;45;50;
Municipios;0040;Alamo (El);783;952;1157;1254;1419;1601;1684;1728;1703;1547;1513;1566;1520;1430;1456;1654;1656;1644;1694;1749;1731;1689;1850;1925;1930;
Municipios;0053;Alcalá de Henares;41376;43021;45230;46660;47800;51558;56247;59337;60931;56158;56457;55086;53569;51589;49992;51600;50435;53844;56240;57328;58297;57819;62345;65130;65420;
Municipios;0066;Alcobendas;52196;52314;57320;66133;74142;79299;85698;98018;99635;103158;101982;105793;105353;101374;101422;99423;100434;106010;109424;117952;117497;113525;118895;123920;127615;
Municipios;0072;Alcorcón;29603;31714;34344;36179;37638;40574;44210;46298;46896;45253;43414;43231;43837;40357;39277;40199;42143;44418;45991;47226;48452;52709;56515;50700;50930;
Municipios;0088;Aldea del Fresno;274;319;331;377;372;419;478;533;529;495;456;462;445;407;395;403;406;447;448;493;506;502;555;545;575;
Municipios;0091;Algete;4720;5532;6306;7119;7502;7960;9118;9450;10474;9415;8617;8706;8273;7564;7384;7373;7636;7795;8069;8201;8402;8031;8395;8760;8930;
Municipios;0105;Alpedrete;1330;1613;1793;2057;2222;2414;2831;3018;3007;2869;2726;2724;2401;2536;2504;2580;2610;2634;2775;2867;2869;2904;3095;3120;3095;
Municipios;0112;Ambite;44;39;37;54;45;43;48;58;67;71;56;62;59;67;71;75;74;68;72;86;74;92;110;120;120;
Municipios;0127;Anchuelo;239;185;140;160;163;170;179;216;186;163;152;159;140;132;128;143;163;173;163;158;157;164;180;185;180;
Municipios;0133;Aranjuez;9105;9278;9789;10108;9890;10723;11934;12526;12702;12676;12197;12178;11751;11001;11353;11627;13299;13255;13861;15012;14697;14205;13990;13650;12800;
Municipios;0148;Arganda del Rey;15993;17275;18156;18775;19153;19904;22383;23191;24479;22814;21394;21048;20638;19283;19105;19049;19882;20991;22063;22915;23210;22622;23585;24560;25590;
Municipios;0151;Arroyomolinos;594;766;959;1195;1956;2513;3229;3619;3909;4225;4347;5073;5524;5381;5753;6625;7264;7691;8014;8468;8648;8246;9145;9925;10430;
Municipios;0164;Atazar (El);16;30;12;19;17;13;19;15;19;13;17;18;17;13;9;8;12;12;12;17;12;14;15;10;15;
Municipios;0170;Batres;152;193;220;263;242;225;245;232;249;235;240;228;216;202;207;190;197;219;217;232;238;263;295;335;315;
Municipios;0186;Becerril de la Sierra;612;680;762;872;923;945;1010;1130;1177;1059;1013;923;941;879;849;869;937;971;996;1012;1025;1045;1115;1110;1110;
Municipios;0199;Belmonte de Tajo;182;241;242;246;202;204;204;215;219;214;225;223;224;206;187;189;189;214;219;220;218;239;235;235;225;
Municipios;0210;Berrueco (El);53;78;72;82;101;122;103;132;132;129;125;120;120;101;100;104;106;133;131;146;167;152;165;145;155;
Municipios;0203;Berzosa del Lozoya;30;36;51;55;60;36;39;52;38;35;34;31;52;28;30;26;29;51;53;56;57;51;60;75;80;
Municipios;0225;Boadilla del Monte;4540;5070;5561;6494;7543;17401;20300;20680;21226;20945;21170;22537;24822;25149;27560;27077;28296;28170;29031;30378;31923;31128;32855;34890;38365;
Municipios;0231;Boalo (El);542;635;687;772;890;920;1215;1289;1357;1228;1219;1211;1177;1159;1208;1252;1306;1381;1491;1515;1546;1509;1685;1730;1805;
Municipios;0246;Braojos;26;32;35;39;45;40;52;47;47;46;50;50;46;40;39;41;40;41;45;41;45;44;50;50;40;
Municipios;0259;Brea de Tajo;47;46;41;44;61;55;71;172;282;304;336;386;353;341;404;414;450;440;473;401;382;381;425;455;455;
Municipios;0262;Brunete;1080;1339;1395;1517;1612;1774;2112;2332;2310;2141;2038;2104;2077;1925;1941;2090;2201;2259;2519;2472;2500;2321;2555;2675;2700;
Municipios;0278;Buitrago del Lozoya;2182;430;425;463;494;498;534;567;630;630;559;523;473;391;422;437;458;476;472;503;494;494;925;1005;970;
Municipios;0284;Bustarviejo;235;237;234;269;311;333;377;430;468;472;425;458;374;366;380;428;452;436;451;443;452;454;475;485;485;
Municipios;0297;Cabanillas de la Sierra;86;80;99;103;108;118;127;115;135;137;134;132;131;121;123;135;135;134;120;127;135;141;155;170;175;
Municipios;0301;Cabrera (La);376;426;411;448;495;532;623;607;650;631;584;580;511;461;450;445;487;485;506;557;563;567;565;590;620;
Municipios;0318;Cadalso de los Vidrios;536;548;595;589;586;582;597;692;679;591;574;534;492;496;450;502;456;491;495;556;621;611;650;640;620;
Municipios;0323;Camarma de Esteruelas;1415;1746;2023;2214;2602;2637;2995;3131;3098;2894;2748;2475;2398;2254;2064;2097;2300;2306;2264;2173;2092;2124;2310;2315;2335;
Municipios;0339;Campo Real;610;697;755;858;936;1046;1249;1402;1601;1476;1239;1367;1350;1271;1285;1314;1450;1462;1544;1524;1507;1583;1620;1735;1750;
Municipios;0344;Canencia;89;91;91;98;95;95;118;122;114;93;91;81;85;75;85;77;87;92;100;100;96;97;105;115;105;
Municipios;0357;Carabaña;135;127;154;181;195;219;269;290;290;260;259;263;237;227;199;216;232;244;265;310;369;379;395;420;345;
Municipios;0360;Casarrubuelos;210;222;243;417;372;337;429;561;695;633;602;729;932;695;567;638;686;707;802;787;792;881;940;1075;1025;
Municipios;0376;Cenicientos;198;194;202;239;258;309;308;316;304;312;304;278;275;213;195;198;195;190;231;226;268;253;250;250;225;
Municipios;0382;Cercedilla;1264;1316;1372;1466;1491;1556;1712;1798;1961;1875;1848;1785;1724;1636;1623;1639;1675;1724;1712;1700;1799;1837;1990;1990;1975;
Municipios;0395;Cervera de Buitrago;160;182;73;72;74;60;34;32;47;45;43;39;38;29;27;34;27;31;30;37;37;41;50;40;40;
Municipios;0513;Chapinería;218;241;253;303;266;299;345;384;402;442;394;345;348;306;307;352;351;391;406;411;414;434;485;480;480;
Municipios;0528;Chinchón;906;985;1008;1161;1136;1216;1280;1369;1352;1248;1248;1220;1273;1199;1174;1249;1312;1322;1388;1409;1403;1268;1360;1420;1450;
Municipios;0409;Ciempozuelos;3006;3306;3677;3885;3932;4146;4759;5173;5645;5717;5665;5416;5312;5063;5029;5452;6046;6026;6331;6556;6990;6899;7465;7290;7620;
Municipios;0416;Cobeña;725;763;891;947;984;1072;1278;1318;1351;1322;1341;1331;1357;1295;1229;1328;1448;1475;1542;1550;1577;1498;1585;1610;1605;
Municipios;0468;Collado Mediano;653;699;759;869;1045;1053;1245;1319;1387;1225;1207;1167;1158;1042;1012;1060;1123;1153;1235;1293;1281;1277;1385;1465;1545;
Municipios;0474;Collado Villalba;9014;9850;10337;11096;11372;11870;13186;13292;13253;12216;13455;12766;13154;12387;12307;13004;12145;12902;13462;13774;13955;13619;13850;14280;14605;
Municipios;0455;Colmenar Viejo;24976;27625;26242;22739;20298;17549;12433;12639;12477;11925;10795;10956;10981;10704;10507;10616;10951;11459;11782;11920;12102;11856;12645;12925;13045;
Municipios;0437;Colmenar de Oreja;1032;1133;1284;1290;1356;1410;1752;1976;1965;1736;1534;1527;1463;1199;1250;1230;1251;1295;1313;1331;1302;1330;1375;1340;1360;
Municipios;0421;Colmenar del Arroyo;187;208;211;227;182;185;230;320;305;283;231;275;265;209;208;280;293;342;448;358;370;392;440;470;480;
Municipios;0442;Colmenarejo;772;805;916;1065;1223;1241;1431;1476;1545;1370;1306;1376;1372;1334;1357;1427;1508;1455;1506;1695;1762;1752;1780;1705;1670;
Municipios;0480;Corpa;49;47;51;51;50;64;85;95;94;114;109;97;90;75;67;69;76;67;62;87;98;94;85;90;90;
Municipios;0493;Coslada;23053;24509;25889;27450;27728;28950;31911;32088;32312;33251;31043;29774;29108;25007;26566;26944;25350;25852;27039;28252;28506;28324;29235;29485;30110;
Municipios;0506;Cubas de la Sagra;625;673;743;780;799;865;982;1073;1126;1027;972;979;956;942;931;977;1103;1208;1249;1366;1574;1486;1610;1620;1685;
Municipios;0534;Daganzo de Arriba;2407;2547;2579;2880;3072;3253;3321;3409;3531;3318;3096;3085;3205;3204;3002;2935;3074;3137;3180;3371;3407;3353;3660;3840;3890;
Municipios;0549;Escorial (El);1393;1552;1684;1863;1973;2122;2397;2529;2609;2481;2332;2356;2332;2327;2246;2258;2390;2488;2575;2631;2627;2732;2875;2945;3190;
Municipios;0552;Estremera;224;253;255;281;297;305;393;360;431;510;782;713;656;657;697;766;803;778;815;838;954;914;985;1070;1160;
Municipios;0565;Fresnedillas de la Oliva;68;77;129;119;125;144;154;168;188;187;189;182;208;176;162;177;172;187;201;217;213;218;230;235;225;
Municipios;0571;Fresno de Torote;95;143;150;177;227;312;269;323;324;312;305;277;232;210;257;239;290;328;328;292;275;277;295;305;330;
Municipios;0587;Fuenlabrada;40660;42848;44268;45559;47660;51357;55019;55963;56441;51906;47552;47238;45523;40843;39449;41667;42440;43579;45291;45624;45672;44423;45460;46165;47660;
Municipios;0590;Fuente el Saz de Jarama;1032;1196;1416;1498;1706;1762;2182;2249;2419;2200;2003;1903;1864;1718;1621;1626;1720;1945;1886;1945;2045;2002;2090;2065;2090;
Municipios;0604;Fuentidueña de Tajo;216;230;271;314;394;350;362;390;396;391;328;301;264;256;258;272;284;286;305;334;342;349;400;360;380;
Municipios;0611;Galapagar;3203;3705;4012;4710;4849;5360;6270;6222;6320;5889;5307;5278;5116;5130;5066;5363;5464;8339;5635;5927;5772;5618;5800;6115;6340;
Municipios;0626;Garganta de los Montes;74;75;77;81;71;70;89;96;110;99;99;95;91;74;78;78;77;80;75;83;78;82;85;85;85;
Municipios;0632;Gargantilla del Lozoya y Pinilla de Buitrago;43;47;45;42;46;55;78;98;93;92;96;89;80;72;76;76;93;104;112;103;107;96;105;105;90;
Municipios;0647;Gascones;46;64;56;58;65;71;75;70;73;65;64;62;57;48;46;47;46;46;53;59;64;71;80;80;90;
Municipios;0650;Getafe;41050;45119;47284;49083;51369;54494;61376;64272;67697;66329;63917;62364;61808;59256;57804;58322;61499;65053;67557;70758;70475;69536;70220;72920;76080;
Municipios;0663;Griñón;2291;2503;2806;3084;3213;3497;3845;4212;4451;4181;4497;4574;4549;4272;4198;4354;5080;5415;5648;5817;6012;5776;6080;6100;6650;
Municipios;0679;Guadalix de la Sierra;458;471;556;606;653;831;962;1105;1122;1061;984;937;847;829;816;789;775;819;813;835;859;906;975;1015;985;
Municipios;0685;Guadarrama;2098;2432;2702;3159;3164;3447;3789;3583;3631;3308;3608;3598;3091;2946;3021;3114;3192;3317;3511;3617;3757;3720;3850;3955;3915;
Municipios;0698;Hiruela (La);6;5;6;9;7;6;7;8;12;10;11;13;13;10;10;11;14;15;15;16;23;22;20;25;20;
Municipios;0702;Horcajo de la Sierra-Aoslos;59;67;51;54;63;53;57;51;48;52;56;51;44;41;41;40;45;48;43;47;46;53;55;50;60;
Municipios;0719;Horcajuelo de la Sierra;25;31;61;76;91;95;108;95;91;75;72;58;44;27;23;22;23;21;31;21;20;30;35;30;30;
Municipios;0724;Hoyo de Manzanares;916;1057;1062;1109;1183;1287;1488;1462;1470;1514;1512;1522;1560;1598;1631;1735;1796;1909;2153;2260;2338;2439;2620;2825;2770;
Municipios;0730;Humanes de Madrid;10210;10621;10501;10463;10683;11022;11811;11843;12361;10980;9847;9528;8506;7614;7586;8092;8680;9333;9896;10655;11038;10515;11285;10910;11125;
Municipios;0745;Leganés;41098;44963;46653;47697;48695;48542;51816;54456;54863;50867;54979;53479;52321;48763;47987;49882;45964;48335;51932;54014;55797;54574;57690;59525;61260;
Municipios;0758;Loeches;1433;1623;1912;2156;2219;2320;2767;3295;3295;2906;2734;3041;2915;2880;3152;3339;3579;3720;3922;4181;4150;4141;4435;4395;4460;
Municipios;0761;Lozoya;126;112;120;115;108;116;130;130;138;127;110;100;104;101;106;104;105;105;126;142;130;145;165;160;165;
Municipios;9015;Lozoyuela-Navas-Sieteiglesias;256;323;261;275;302;312;325;306;338;340;320;277;280;272;277;329;393;386;365;373;412;407;460;450;480;
Municipios;0783;Madarcos;47;47;47;134;387;40;30;25;32;25;25;23;20;13;14;14;12;15;16;16;12;18;20;20;20;
Municipios;0796;Madrid;1479064;1589841;1647843;1668948;1691977;1731479;1845735;1905228;1933670;1866454;1776104;1747397;1736667;1684753;1671105;1708654;1795038;1838841;1913935;1994578;2054635;2007040;2109510;2214215;2316150;
Municipios;0800;Majadahonda;13123;14450;15631;16748;17540;18424;21251;21697;22222;21843;22442;26846;27070;27961;26133;27268;28937;29897;30841;31609;31290;31183;32525;33195;33830;
Municipios;0822;Manzanares el Real;546;589;649;784;854;854;1065;1091;1103;1093;1038;1103;1059;1069;1080;1189;1165;1200;1261;1334;1388;1367;1455;1420;1440;
Municipios;0838;Meco;1588;1725;1824;1911;2170;2443;2965;3454;4375;3957;3766;3966;3923;4151;3718;4274;4407;4532;5385;6143;6272;6334;6440;6870;7545;
Municipios;0843;Mejorada del Campo;4731;5032;5140;5305;5497;6090;6791;7452;7722;7197;6768;6832;6250;5678;4957;5254;5514;5781;5937;6171;6318;6230;6640;6665;6770;
Municipios;0856;Miraflores de la Sierra;675;704;750;976;1030;1084;1214;1275;1244;1261;1092;949;943;890;891;997;927;968;1048;1088;1088;1140;1145;1120;1120;
Municipios;0869;Molar (El);829;892;929;1016;1134;1273;1357;1544;1501;1353;1318;1295;1220;1148;1104;1163;1251;1232;1298;1273;1220;1222;1280;1300;1325;
Municipios;0875;Molinos (Los);516;589;606;680;687;705;776;811;852;848;862;859;856;748;703;670;683;754;727;733;754;792;830;875;910;
Municipios;0881;Montejo de la Sierra;112;119;110;127;152;147;126;125;153;143;151;154;154;156;170;161;161;147;154;167;181;171;160;100;95;
Municipios;0894;Moraleja de Enmedio;1766;1980;2027;2123;2169;2320;2463;2621;2689;2313;2136;2083;1885;1757;1675;1772;1813;1967;2138;2240;2452;2389;2335;2290;2295;
Municipios;0908;Moralzarzal;826;926;1113;1310;1407;1456;1822;2087;2286;2091;1876;1902;1838;1824;1952;1998;2050;2169;2303;2344;2453;2391;2670;2735;2910;
Municipios;0915;Morata de Tajuña;911;994;1038;1173;1153;1202;1465;1511;1598;1351;1267;1284;1190;1043;1028;1101;1112;1171;1123;1151;1115;1093;1200;1290;1360;
Municipios;0920;Móstoles;36149;37314;38961;39836;40624;42633;46902;48555;48511;45286;43408;42178;40857;38041;35837;40511;37665;38926;40674;42825;43040;42252;43705;44420;44790;
Municipios;0936;Navacerrada;434;472;504;526;539;577;646;679;627;655;712;616;615;538;532;564;622;642;650;663;657;642;650;655;710;
Municipios;0941;Navalafuente;62;75;92;82;107;131;162;170;190;183;178;171;166;148;147;134;151;183;211;223;201;183;195;185;180;
Municipios;0954;Navalagamella;150;158;171;181;175;244;334;365;333;287;388;288;349;235;230;229;263;285;289;323;310;300;300;300;305;
Municipios;0967;Navalcarnero;3948;4333;5162;5331;5627;5805;6489;6742;7104;6641;6340;6106;6068;6036;6042;5889;6180;6728;11159;11457;11650;11623;18700;10220;9985;
Municipios;0973;Navarredonda y San Mamés;24;22;17;21;15;14;19;18;19;16;20;15;17;14;13;17;20;18;20;17;16;22;25;20;25;
Municipios;0992;Navas del Rey;294;349;376;460;527;560;547;603;583;513;501;517;474;434;437;481;478;554;507;567;536;581;590;610;570;
Municipios;1006;Nuevo Baztán;656;690;744;959;967;1047;1267;1395;1407;1248;1115;1120;1084;1054;1013;1053;1099;1105;1181;1267;1220;1201;1260;1255;1350;
Municipios;1013;Olmeda de las Fuentes;37;37;40;44;51;58;65;64;67;71;62;72;79;123;108;106;108;107;115;119;131;144;140;90;85;
Municipios;1028;Orusco de Tajuña;46;52;57;60;117;122;159;176;180;198;205;197;197;166;161;174;199;204;218;224;223;213;225;225;225;
Municipios;1049;Paracuellos de Jarama;3105;3189;3360;3545;3887;3975;4555;4522;4824;4780;4672;4922;4703;4618;4669;4899;5216;5604;5908;6458;6575;6450;6665;6620;6435;
Municipios;1065;Parla;10133;10751;11425;11759;11987;12886;14488;15346;15848;16156;14364;14469;14107;13502;13544;14057;14794;15766;16386;17145;17474;17347;17815;18295;18575;
Municipios;1071;Patones;66;76;87;94;104;117;142;184;124;91;92;87;98;91;105;86;101;103;108;103;113;127;130;120;120;
Municipios;1087;Pedrezuela;279;340;402;490;578;582;666;739;831;785;778;747;758;666;707;805;858;896;953;1008;1049;1024;1060;995;1000;
Municipios;1090;Pelayos de la Presa;281;316;348;824;455;533;574;647;635;507;483;423;430;369;359;379;408;411;439;488;511;528;580;610;610;
Municipios;1104;Perales de Tajuña;425;465;522;545;500;568;524;588;579;497;474;499;431;442;403;411;411;452;464;470;485;484;520;530;545;
Municipios;1111;Pezuela de las Torres;82;74;76;85;92;116;136;138;168;144;145;145;144;141;137;142;133;134;131;139;134;137;140;145;165;
Municipios;1126;Pinilla del Valle;28;29;28;31;27;26;34;33;37;35;39;39;34;22;26;22;20;22;21;15;25;23;30;25;25;
Municipios;1132;Pinto;11307;13222;14810;15651;16497;18105;22690;24585;21850;19533;17704;17448;16773;15994;15641;24454;15968;16904;17762;19063;19752;20174;19315;20175;20850;
Municipios;1147;Piñuécar-Gandullas;23;29;30;35;41;29;34;31;195;303;252;34;29;26;22;21;27;35;31;28;25;26;35;30;30;
Municipios;1150;Pozuelo de Alarcón;27837;31215;32728;35399;38684;43764;52461;57163;56907;57528;57423;61702;60263;63360;65269;67322;72919;78389;76433;78817;83219;79237;80735;85185;87655;
Municipios;1163;Pozuelo del Rey;54;55;65;91;100;96;97;113;114;117;122;115;132;125;124;131;135;144;138;154;154;150;150;160;165;
Municipios;1179;Prádena del Rincón;16;29;17;27;28;21;30;27;25;26;19;24;22;21;23;23;26;34;33;38;35;38;45;40;45;
Municipios;1185;Puebla de la Sierra;13;8;11;13;18;14;18;15;21;26;23;20;19;12;9;16;13;16;26;15;12;18;20;15;20;
Municipios;9020;Puentes Viejas;46;59;53;62;75;64;73;73;76;77;82;76;75;64;58;66;70;83;76;97;107;102;110;100;95;
Municipios;1198;Quijorna;151;163;152;210;235;294;390;321;397;391;408;392;413;396;345;381;387;422;418;469;469;501;495;495;510;
Municipios;1202;Rascafría;334;368;369;411;450;431;554;501;527;544;517;479;407;376;378;347;335;424;407;434;466;456;470;460;445;
Municipios;1219;Redueña;37;45;53;59;64;75;85;95;91;80;72;73;40;32;40;43;45;51;73;60;64;61;65;70;55;
Municipios;1224;Ribatejada;50;91;72;56;79;89;84;92;91;108;81;79;76;74;81;75;77;80;82;89;93;94;120;115;120;
Municipios;1230;Rivas-Vaciamadrid;5580;6376;7398;8956;10599;12359;15537;17481;18867;17697;17065;17566;18047;17613;16874;18142;20568;21667;22820;23790;24425;24707;26770;26720;27005;
Municipios;1245;Robledillo de la Jara;13;27;22;29;35;23;23;27;35;30;33;33;29;14;10;10;7;8;7;7;7;12;10;35;30;
Municipios;1258;Robledo de Chavela;332;374;401;475;517;528;597;635;661;674;660;695;648;654;724;718;714;804;872;944;924;873;975;1005;995;
Municipios;1261;Robregordo;19;15;12;15;14;7;7;6;5;7;7;6;6;4;8;7;6;7;7;7;9;14;15;10;10;
Municipios;1277;Rozas de Madrid (Las);18424;22769;24616;27062;29655;34357;41191;44023;46842;48262;46787;49546;50194;51270;54597;56522;59577;63920;64154;64330;59715;54455;54440;56205;56645;
Municipios;1283;Rozas de Puerto Real;74;89;88;143;159;92;98;94;97;106;71;97;92;76;105;98;108;137;169;162;188;177;200;175;155;
Municipios;1296;San Agustín del Guadalix;2221;2383;2537;2621;2819;2886;3162;3274;3397;3542;3435;3443;3691;3772;3394;3552;3654;3828;3950;4007;4148;4119;4880;5290;5445;
Municipios;1300;San Fernando de Henares;15132;15981;16605;16894;17244;17982;19243;20072;21084;19662;18029;18029;17921;18750;18493;17655;18451;20427;21403;22257;23395;23641;22745;23090;24325;
Municipios;1317;San Lorenzo de El Escorial;2768;3006;3012;3234;3244;3465;3802;3899;3858;3780;4343;4279;4300;4095;4041;4191;4317;4471;4463;4675;4697;4554;4740;4815;4815;
Municipios;1338;San Martín de Valdeiglesias;1214;1355;1331;1489;1548;1725;1824;1983;1919;1896;1752;1686;1593;1435;1390;1368;1452;1505;1579;1664;1679;1608;1690;1675;1715;
Municipios;1322;San Martín de la Vega;3030;3282;3679;3861;3895;4341;4842;5982;6208;5183;4685;4552;4464;4230;4111;4147;4227;4319;4494;4797;4801;4588;4925;5185;5295;
Municipios;1343;San Sebastián de los Reyes;26544;33141;37185;39141;39157;39073;39703;40485;50621;48034;44765;44305;44852;43791;38182;41878;42007;39318;42115;42175;44372;42372;44510;45760;49615;
Municipios;1356;Santa María de la Alameda;114;113;128;171;183;179;193;226;233;249;247;245;249;193;192;212;209;212;212;222;253;245;260;270;255;
Municipios;1369;Santorcaz;67;66;68;72;85;85;83;90;81;76;85;82;73;64;67;70;68;72;78;77;76;85;120;120;100;
Municipios;1375;Santos de la Humosa (Los);103;115;111;126;138;147;191;232;232;220;218;242;216;222;246;256;259;276;281;308;325;355;355;335;340;
Municipios;1381;Serna del Monte (La);28;31;31;24;30;28;30;30;32;34;36;35;35;28;33;40;25;26;27;23;29;35;55;50;50;
Municipios;1408;Serranillos del Valle;238;316;454;524;655;733;791;888;903;923;938;1007;977;966;934;918;958;1033;1066;1259;1390;1157;1150;1275;1290;
Municipios;1415;Sevilla la Nueva;1000;1058;1219;1395;1405;1408;1697;1925;2024;1831;1770;1580;1593;1469;1474;1536;1526;1626;1729;1791;1953;1918;2080;2315;2370;
Municipios;1436;Somosierra;28;22;22;24;26;27;30;25;24;19;20;22;20;16;18;16;21;26;25;37;30;31;25;40;50;
Municipios;1441;Soto del Real;918;1030;1397;1556;1654;1737;2019;2104;2125;2002;2011;2034;1934;1959;2004;2139;2158;2177;2260;2390;2372;2251;2370;2430;2645;
Municipios;1454;Talamanca de Jarama;3437;3562;3624;5066;2834;1093;2710;612;606;560;482;461;467;562;518;527;558;588;588;602;625;576;625;695;645;
Municipios;1467;Tielmes;270;364;406;468;522;516;577;604;611;590;588;580;603;550;542;535;564;599;579;577;556;597;590;605;615;
Municipios;1473;Titulcia;140;133;131;133;138;157;181;173;179;155;147;150;151;159;136;162;172;172;181;196;209;226;210;235;215;
Municipios;1489;Torrejón de Ardoz;27132;29784;27047;28199;28751;29541;31707;33532;33725;32011;29444;28661;27763;26973;26764;27237;28964;30296;31791;33091;35029;34206;37450;37820;38545;
Municipios;1505;Torrejón de Velasco;443;498;509;665;747;871;977;1450;1395;889;793;873;856;799;714;738;764;837;868;892;1025;1064;980;1030;1085;
Municipios;1492;Torrejón de la Calzada;1957;2222;2342;2372;2483;2562;2746;2985;5037;4678;4477;4336;4337;4175;4151;4341;4542;4726;4979;5216;5267;5300;5375;5590;5570;
Municipios;1512;Torrelaguna;569;608;633;585;673;701;860;914;917;833;754;740;693;672;575;575;607;604;635;689;727;725;790;755;770;
Municipios;1527;Torrelodones;3129;3426;3612;3975;4150;4563;5368;5724;5515;5421;5510;5583;5473;5572;5871;5822;6051;6126;6427;6676;6734;6561;6915;6895;6935;
Municipios;1533;Torremocha de Jarama;224;247;282;284;323;327;410;431;409;365;343;283;270;242;220;234;227;250;262;264;262;249;265;290;270;
Municipios;1548;Torres de la Alameda;1518;1802;2182;2181;2298;2682;2801;2698;3023;2959;2798;2832;2617;2394;2448;2609;2811;2894;2850;2840;2901;2634;2795;2810;2920;
Municipios;9036;Tres Cantos;0;0;1233;8619;12532;15890;28252;28996;30359;31218;31458;32369;30242;30942;30229;32031;32175;33573;35323;36515;37355;37061;38940;40655;41430;
Municipios;1551;Valdaracete;120;133;117;109;97;102;81;69;79;76;86;75;72;61;68;58;67;72;66;65;65;64;65;65;70;
Municipios;1564;Valdeavero;73;80;83;99;101;140;183;237;290;279;285;279;228;199;180;226;247;255;270;278;262;292;305;315;320;
Municipios;1570;Valdelaguna;65;68;67;86;88;85;126;144;140;148;111;112;113;109;120;116;99;94;92;85;86;96;100;110;100;
Municipios;1586;Valdemanco;110;130;139;141;136;131;170;205;187;191;153;150;146;137;136;140;144;154;154;175;159;156;170;150;165;
Municipios;1599;Valdemaqueda;123;142;158;177;208;200;198;249;235;223;179;144;127;107;98;116;118;123;124;136;137;139;150;150;160;
Municipios;1603;Valdemorillo;1198;1352;1436;1591;1794;1985;2355;2427;2500;2435;2342;2232;2294;2314;2373;2314;2338;2412;2527;2752;2743;2608;2895;3055;3100;
Municipios;1610;Valdemoro;7905;8839;9356;10463;11005;12333;13937;15285;16165;15685;14886;14688;14107;14003;14083;14690;16158;18708;20640;21416;25647;25223;29750;31845;32690;
Municipios;1625;Valdeolmos-Alalpardo;418;464;546;574;639;666;745;713;762;714;761;754;787;741;747;860;927;955;972;987;905;883;925;965;965;
Municipios;1631;Valdepiélagos;42;41;47;50;62;77;113;103;100;75;77;84;69;65;66;69;77;83;90;101;94;102;110;115;130;
Municipios;1646;Valdetorres de Jarama;291;349;453;481;552;677;774;843;848;753;748;739;736;661;639;665;749;783;849;824;808;758;845;960;960;
Municipios;1659;Valdilecha;309;345;358;372;410;439;576;555;592;514;513;507;496;465;499;558;573;605;652;672;680;699;630;635;610;
Municipios;1662;Valverde de Alcalá;218;190;53;268;649;71;72;91;87;85;75;83;83;63;47;48;47;47;47;58;59;46;65;80;70;
Municipios;1678;Velilla de San Antonio;2457;3163;3280;3873;4089;4312;5012;5306;5431;11030;10961;10810;10663;10436;10277;10400;10793;11165;11608;11961;12276;12725;13150;13650;14440;
Municipios;1684;Vellón (El);126;138;132;145;167;195;214;243;242;229;211;248;205;192;174;180;173;180;179;173;180;182;195;190;185;
Municipios;1697;Venturada;129;158;173;195;200;209;279;310;291;296;295;328;292;307;324;344;329;370;404;450;505;470;515;525;590;
Municipios;1718;Villa del Prado;684;737;782;841;1001;1083;1380;1422;1530;1286;1771;1683;1613;1453;1440;1480;1568;1560;1652;1689;1647;1757;1800;1810;1880;
Municipios;1701;Villaconejos;431;443;503;563;606;690;801;917;903;725;676;653;674;613;655;602;602;599;602;564;575;608;635;615;625;
Municipios;1723;Villalbilla;1425;1556;1656;1854;1960;2111;2367;2511;2549;2335;2297;2252;2142;2141;2284;2390;2430;2545;2598;2761;2772;2748;2985;3115;3160;
Municipios;1739;Villamanrique de Tajo;63;72;83;82;109;97;124;139;127;114;114;144;115;84;76;81;87;92;105;96;103;118;125;105;120;
Municipios;1744;Villamanta;296;317;334;384;405;454;481;486;483;492;527;507;485;427;428;438;438;428;452;477;534;507;555;570;535;
Municipios;1757;Villamantilla;92;102;116;138;150;152;257;180;211;202;216;247;213;189;155;194;191;214;210;220;225;228;280;270;270;
Municipios;1782;Villanueva de Perales;76;71;99;139;190;211;245;279;273;244;285;442;476;389;394;450;497;531;527;528;578;288;280;300;320;
Municipios;1760;Villanueva de la Cañada;2444;2882;3275;3699;3786;3947;4649;5023;5194;5233;5142;5340;5440;5714;5925;6158;5909;6137;6446;6645;6907;7002;7615;7980;8750;
Municipios;1776;Villanueva del Pardillo;1121;1357;1349;1532;1496;1821;2349;2498;2540;2624;2731;2812;2802;2803;2829;2857;3039;3246;3393;3641;3672;3594;3815;4125;4270;
Municipios;1795;Villar del Olmo;189;221;266;423;528;652;420;481;514;463;376;374;360;290;292;316;322;341;359;374;421;438;455;475;510;
Municipios;1809;Villarejo de Salvanés;1616;1740;1758;1893;1995;2150;2234;2282;2267;2080;1990;1968;1937;1831;1822;1994;2084;2203;2215;2198;2166;2210;2310;2170;2260;
Municipios;1816;Villaviciosa de Odón;6391;6972;7516;7655;7988;8547;9768;10504;11032;10561;9871;9787;9452;9856;9748;9576;10339;10448;10612;11136;11040;10817;11390;11955;12605;
Municipios;1821;Villavieja del Lozoya;23;25;31;34;32;29;33;30;33;31;38;38;39;31;33;41;38;42;45;46;42;46;50;50;55;
Municipios;1837;Zarzalejo;210;248;271;316;333;346;395;396;390;422;375;372;371;333;277;297;301;307;359;357;358;342;350;355;400;
Municipios;9999;Sin municipio asignado;-;-;-;-;-;-;-;-;-;-;-;-;-;-;-;-;-;-;-;-;-;-;-;21890;-;
Notas;
Los datos se refieren a 31 de diciembre y el municipio es en el que se ubica  el centro de trabajo.;
;
Sin municipio asignado incluye: Trabajadores afiliados que no tienen asignado municipio y afiliados de centros de trabajo ubicados en la Comunidad de Madrid pero que su centro de cotización está en otras provincia.;
