Mercado de trabajo.Gestión del empleo.Contratos registrados.Total.Todos los sectores. Porcentaje de contratos temporales registrados en las oficinas de empleo. Unidad: Porcentaje. Fuente: Estadísticas Mercado de Trabajo. Dirección General del Servicio Público de Empleo. Consejería de Economía, Hacienda y Empleo.;
Serie;;;2005;2006;2007;2008;2009;2010;2011;2012;2013;2014;2015;2016;2017;2018;2019;2020;2021;2022;2023
Comunidad de Madrid;;Comunidad de Madrid;86.52;82.31;80.68;80.86;84.20;85.31;86.41;80.41;84.56;84.22;84.11;83.77;83.25;82.07;83.19;82.28;81.27;56.10;51.60;
Zonas Estadísticas;01;Municipio de Madrid ;85.93;81.97;80.19;80.71;84.04;84.89;86.04;79.90;84.08;83.89;83.54;83.17;82.85;81.76;82.82;80.70;79.40;54.76;50.93;
Zonas Estadísticas;02;Norte Metropolitano ;86.16;80.98;79.09;79.46;83.55;85.18;85.88;79.96;84.49;82.95;83.07;82.15;81.50;79.15;79.78;81.05;80.19;57.32;51.52;
Zonas Estadísticas;03;Este Metropolitano  ;89.31;84.97;83.49;82.79;85.27;87.19;87.94;84.62;87.40;86.70;86.71;87.44;86.30;84.96;85.89;86.56;86.22;60.93;52.56;
Zonas Estadísticas;04;Sur Metropolitano   ;88.34;84.42;83.72;82.66;85.28;86.58;87.48;84.20;85.57;85.44;85.76;85.03;84.53;83.44;85.38;86.95;87.43;61.89;55.28;
Zonas Estadísticas;05;Oeste Metropolitano ;82.39;76.44;73.75;74.71;80.30;82.82;84.26;71.51;81.91;81.87;82.96;82.01;80.44;79.81;81.10;78.17;75.78;48.46;47.21;
Zonas Estadísticas;06;Sierra Norte        ;91.04;85.17;87.33;85.35;87.05;87.05;91.84;90.07;89.31;86.82;87.21;87.70;86.52;83.41;79.91;80.82;82.31;62.85;57.69;
Zonas Estadísticas;07;Nordeste Comunidad  ;89.81;84.96;82.45;84.98;89.42;90.25;90.74;89.76;91.14;89.36;88.11;87.84;87.91;86.44;87.98;89.22;90.44;71.95;70.54;
Zonas Estadísticas;08;Sudeste Comunidad   ;87.93;84.31;81.78;82.99;88.59;89.45;90.75;88.93;90.06;89.94;90.16;90.03;88.66;86.18;87.40;88.59;86.09;57.35;52.99;
Zonas Estadísticas;09;Sudoeste Comunidad  ;85.89;80.70;81.35;80.75;84.42;84.74;86.51;83.80;85.75;84.52;84.14;86.92;85.46;83.85;85.12;85.62;79.37;47.55;43.91;
Zonas Estadísticas;10;Sierra Sur          ;87.41;82.11;86.91;88.23;87.59;89.92;90.88;86.69;90.40;88.35;90.08;88.50;89.11;85.81;88.27;86.62;83.74;55.08;52.51;
Zonas Estadísticas;11;Sierra Central      ;87.30;81.23;78.93;81.64;84.41;86.45;88.65;78.20;85.63;85.06;85.34;83.82;84.18;83.88;83.97;81.27;80.86;53.40;51.02;
Municipios;0014;Acebeda (La);92.24;73.96;77.11;71.52;81.53;75.29;77.04;80.95;82.31;86.22;76.76;82.98;73.66;83.19;83.66;83.05;86.88;75.16;68.77;
Municipios;0029;Ajalvir;85.40;82.04;79.22;74.80;80.16;80.47;85.96;77.00;82.47;83.33;85.02;82.51;84.88;79.91;79.92;78.91;77.83;50.76;46.88;
Municipios;0035;Alameda del Valle;91.61;89.87;88.73;87.37;81.29;85.23;98.78;98.73;94.43;91.25;80.00;87.02;82.61;74.19;83.94;82.53;80.78;52.21;30.92;
Municipios;0040;Alamo (El);85.46;78.41;77.16;78.68;81.20;86.23;94.84;84.07;92.24;85.92;92.72;94.66;90.32;85.00;88.89;83.89;85.28;60.25;45.39;
Municipios;0053;Alcalá de Henares;91.11;87.03;86.38;85.65;87.46;89.13;89.42;86.66;89.51;89.63;90.10;89.42;88.70;87.54;88.95;89.98;89.30;65.26;61.12;
Municipios;0066;Alcobendas;83.37;77.98;75.98;76.08;81.64;82.00;82.86;77.40;81.36;81.11;81.66;79.95;78.53;75.49;74.58;75.37;72.89;49.51;45.84;
Municipios;0072;Alcorcón;86.22;81.12;81.06;81.14;84.88;85.51;87.43;82.92;86.21;86.95;87.28;86.37;85.78;85.39;86.32;88.17;83.84;57.52;53.28;
Municipios;0088;Aldea del Fresno;90.34;82.19;75.13;77.46;85.37;78.05;89.07;86.82;82.21;86.76;83.54;83.94;77.06;92.10;83.41;84.60;81.41;42.50;38.96;
Municipios;0091;Algete;87.55;81.33;80.49;77.40;80.06;86.06;86.60;80.88;78.48;79.00;82.31;82.71;86.01;85.71;80.72;82.26;82.71;52.86;39.41;
Municipios;0105;Alpedrete;87.48;75.81;73.56;77.55;80.23;81.30;82.44;69.11;76.71;72.65;73.40;74.84;77.62;73.03;78.53;80.14;79.56;51.08;50.84;
Municipios;0112;Ambite;96.46;79.49;78.05;89.41;93.40;94.30;67.97;69.15;93.33;82.35;94.12;87.29;80.00;77.08;85.71;79.75;76.12;75.70;49.26;
Municipios;0127;Anchuelo;81.06;88.02;83.15;77.78;89.02;90.91;82.24;85.61;93.09;93.53;87.38;93.53;90.95;90.93;91.18;84.84;71.62;45.40;71.95;
Municipios;0133;Aranjuez;91.69;88.66;88.85;85.62;89.34;91.04;92.52;89.59;90.97;90.05;91.33;90.64;91.36;89.38;91.56;93.36;95.66;80.10;62.29;
Municipios;0148;Arganda del Rey;89.09;83.77;84.01;83.05;84.53;86.64;86.89;85.71;88.22;87.64;87.19;84.98;83.73;80.52;82.75;84.56;82.69;52.48;42.77;
Municipios;0151;Arroyomolinos;85.59;85.35;85.24;78.99;83.96;82.46;81.05;79.80;81.30;80.82;74.48;80.03;80.44;78.24;81.77;84.01;78.97;43.77;35.61;
Municipios;0164;Atazar (El);89.12;83.09;81.31;89.22;87.30;90.54;90.24;91.36;91.92;86.36;79.79;90.60;80.00;79.47;74.80;45.11;54.55;30.23;44.77;
Municipios;0170;Batres;86.76;73.52;77.96;82.14;78.91;87.76;84.82;80.52;85.61;96.26;92.71;89.40;90.69;93.20;96.04;97.85;95.25;74.16;55.41;
Municipios;0186;Becerril de la Sierra;85.75;83.28;85.79;83.25;81.88;84.02;88.17;76.01;88.07;84.66;87.42;81.44;83.08;78.10;77.76;74.94;82.73;54.73;52.09;
Municipios;0199;Belmonte de Tajo;97.80;97.58;90.65;96.54;98.62;96.31;92.63;96.09;94.60;87.89;84.31;89.17;89.78;84.47;81.61;95.95;87.28;66.76;68.44;
Municipios;0210;Berrueco (El);92.11;88.14;72.29;93.65;95.36;90.80;90.34;79.29;75.00;88.06;86.61;84.82;85.82;81.72;88.53;86.73;76.92;54.05;60.43;
Municipios;0203;Berzosa del Lozoya;92.87;85.15;91.72;80.56;77.14;91.31;90.20;92.95;80.65;55.52;79.78;92.20;92.44;74.06;61.08;69.44;50.00;67.60;70.38;
Municipios;0225;Boadilla del Monte;81.85;75.36;71.82;71.92;73.89;82.32;86.16;72.39;85.49;86.92;84.91;83.12;84.65;78.52;83.50;73.46;72.57;45.86;49.56;
Municipios;0231;Boalo (El);79.95;78.90;65.80;84.44;84.20;74.58;84.99;71.04;85.28;76.90;77.75;80.16;83.64;76.68;84.83;77.34;76.12;39.81;51.01;
Municipios;0246;Braojos;82.22;88.37;83.02;87.50;94.87;85.29;87.50;90.74;96.05;82.69;58.64;49.17;72.03;52.48;57.69;61.99;78.26;43.56;32.08;
Municipios;0259;Brea de Tajo;82.64;87.10;94.67;55.29;80.62;91.89;87.90;89.01;85.95;45.29;85.71;93.80;89.35;74.69;90.17;90.61;77.84;49.67;69.34;
Municipios;0262;Brunete;86.77;82.51;86.36;89.79;90.76;92.75;90.17;79.55;88.54;88.24;86.57;81.92;85.41;79.59;80.33;80.87;84.86;45.40;45.61;
Municipios;0278;Buitrago del Lozoya;88.72;82.93;83.83;85.05;89.58;86.73;91.19;89.11;83.60;89.61;95.14;93.73;92.67;93.81;94.69;92.73;90.82;73.21;73.72;
Municipios;0284;Bustarviejo;98.17;93.99;98.38;97.92;92.66;83.46;92.24;90.51;92.91;93.32;92.67;90.71;93.60;85.06;83.09;60.74;75.97;36.25;30.57;
Municipios;0297;Cabanillas de la Sierra;92.61;91.02;84.97;75.99;80.87;87.75;83.04;73.03;83.77;85.99;80.90;82.79;84.91;78.75;73.08;89.66;69.86;43.27;37.97;
Municipios;0301;Cabrera (La);83.06;87.95;84.50;83.56;87.17;87.21;85.00;86.62;82.66;81.01;83.19;81.38;82.54;82.28;83.64;77.01;79.67;56.14;50.65;
Municipios;0318;Cadalso de los Vidrios;90.59;85.62;91.60;92.08;92.09;95.56;89.35;82.63;87.13;86.70;84.89;88.14;90.70;86.87;87.26;84.25;84.43;53.82;50.59;
Municipios;0323;Camarma de Esteruelas;90.83;82.63;84.97;92.31;93.63;91.41;92.39;91.26;87.37;86.53;86.07;85.63;89.54;90.49;89.98;91.30;91.51;59.11;57.07;
Municipios;0339;Campo Real;86.36;89.81;89.36;89.64;85.23;84.56;84.84;84.90;87.03;83.57;84.38;89.90;84.80;82.62;85.34;83.99;76.87;53.14;28.29;
Municipios;0344;Canencia;83.24;78.22;77.71;84.39;72.04;85.92;90.27;75.73;90.00;85.87;88.34;86.02;84.19;83.67;30.92;91.99;83.24;34.74;30.69;
Municipios;0357;Carabaña;86.21;86.36;84.10;80.54;84.47;89.38;92.81;83.02;78.91;78.03;87.77;89.16;78.60;69.91;78.13;80.00;91.70;70.06;67.64;
Municipios;0360;Casarrubuelos;86.65;77.72;82.34;86.32;74.93;90.86;93.90;89.03;89.51;87.44;95.92;97.53;97.49;95.21;93.44;94.24;90.60;55.93;59.53;
Municipios;0376;Cenicientos;86.39;79.24;85.17;86.76;87.10;90.15;83.95;93.79;96.76;96.64;93.95;95.15;93.89;87.31;94.82;92.53;76.77;38.08;61.07;
Municipios;0382;Cercedilla;92.93;87.52;86.76;89.97;93.18;93.24;93.33;90.82;94.01;89.72;90.12;90.87;87.09;86.98;90.05;88.43;86.00;62.61;48.73;
Municipios;0395;Cervera de Buitrago;87.08;82.17;90.43;79.82;87.79;92.68;89.29;80.49;83.33;95.45;81.36;78.26;92.49;86.41;73.45;88.10;75.00;69.17;53.42;
Municipios;0513;Chapinería;79.87;74.23;83.76;91.83;85.00;94.54;93.93;90.72;91.94;94.25;94.24;95.31;95.31;87.31;92.24;83.28;87.03;44.05;37.60;
Municipios;0528;Chinchón;92.70;89.96;92.45;89.25;93.08;92.30;94.06;92.35;92.00;92.28;93.74;92.94;93.55;93.15;92.03;92.59;92.82;65.86;56.18;
Municipios;0409;Ciempozuelos;90.24;85.54;82.31;86.04;91.41;90.57;91.12;91.01;93.37;91.09;87.29;85.00;89.79;89.12;89.36;89.90;88.61;73.01;68.16;
Municipios;0416;Cobeña;87.32;80.91;81.46;84.14;85.99;89.95;93.80;84.24;78.12;80.41;75.78;85.21;89.47;85.35;81.21;78.76;81.88;51.79;43.46;
Municipios;0468;Collado Mediano;91.25;87.12;84.44;74.41;82.27;80.71;95.65;85.24;81.00;82.49;83.04;86.10;83.19;76.48;77.08;72.55;69.53;40.27;39.51;
Municipios;0474;Collado Villalba;83.92;80.40;78.31;76.80;78.84;81.73;85.67;78.79;80.58;75.19;79.20;79.40;77.99;78.06;81.64;80.74;81.66;48.69;45.71;
Municipios;0455;Colmenar Viejo;81.20;75.92;76.62;76.97;82.94;86.26;86.26;80.00;84.64;78.11;79.54;77.57;78.98;79.19;84.94;85.47;80.68;52.49;48.45;
Municipios;0437;Colmenar de Oreja;92.60;80.15;80.12;81.11;89.24;90.27;93.27;90.68;94.18;88.93;90.97;87.30;88.33;82.20;86.39;88.28;83.77;54.06;54.55;
Municipios;0421;Colmenar del Arroyo;87.96;82.36;89.71;85.71;85.59;89.25;93.75;89.66;90.40;86.53;90.41;85.58;79.87;69.05;84.75;84.31;81.78;66.81;45.67;
Municipios;0442;Colmenarejo;87.47;83.25;83.78;83.03;83.88;85.78;85.92;72.65;87.12;82.50;80.10;80.03;81.18;82.48;79.90;87.94;84.00;49.45;48.65;
Municipios;0480;Corpa;88.00;87.88;86.11;87.93;85.19;93.33;91.30;81.69;88.14;97.56;93.02;75.76;84.13;86.36;80.00;83.33;93.64;47.47;47.57;
Municipios;0493;Coslada;90.02;87.45;84.72;83.65;86.60;88.73;88.18;85.16;85.96;84.71;84.13;84.66;83.16;84.71;84.93;88.92;88.04;68.19;47.93;
Municipios;0506;Cubas de la Sagra;85.67;74.63;78.16;73.84;83.96;56.92;79.75;79.22;86.46;87.99;79.34;78.20;70.66;71.39;60.67;57.73;34.88;42.84;60.70;
Municipios;0534;Daganzo de Arriba;90.73;90.89;87.15;85.77;88.75;89.77;91.56;88.61;92.34;90.89;90.86;90.16;87.44;86.74;88.54;88.85;92.51;70.99;72.89;
Municipios;0549;Escorial (El);88.08;81.60;80.91;79.69;84.70;87.96;88.44;79.55;84.13;84.72;85.71;87.35;90.67;90.22;83.89;81.68;81.84;53.97;47.30;
Municipios;0552;Estremera;83.64;88.38;94.67;88.02;82.50;83.59;95.58;84.92;73.02;91.19;92.36;88.84;85.91;88.25;89.84;94.75;90.97;23.03;29.17;
Municipios;0565;Fresnedillas de la Oliva;88.17;87.60;92.52;97.31;93.99;98.19;92.74;85.59;92.98;85.83;93.79;81.90;78.05;90.11;87.71;91.15;90.83;57.25;52.34;
Municipios;0571;Fresno de Torote;94.04;74.07;85.88;81.14;90.21;94.78;96.67;82.40;88.11;91.59;81.65;92.04;83.13;82.66;85.60;86.87;80.30;62.90;50.00;
Municipios;0587;Fuenlabrada;89.00;85.89;83.77;82.56;83.01;84.43;84.69;81.42;82.19;81.30;83.59;82.40;82.39;82.01;83.35;85.36;87.53;59.02;47.10;
Municipios;0590;Fuente el Saz de Jarama;86.62;81.98;78.60;80.03;76.54;85.06;85.47;85.08;88.81;78.49;80.98;80.90;79.01;73.60;73.98;72.78;81.54;63.39;35.14;
Municipios;0604;Fuentidueña de Tajo;85.80;88.89;81.72;86.19;93.93;93.96;95.08;93.75;96.68;95.22;92.91;91.89;88.57;94.26;76.32;90.41;88.60;47.77;38.42;
Municipios;0611;Galapagar;81.35;77.42;75.07;75.43;81.84;79.09;86.04;66.24;75.27;79.86;84.55;80.45;76.78;75.11;75.69;79.42;75.61;46.88;63.62;
Municipios;0626;Garganta de los Montes;86.49;86.76;67.21;68.42;89.74;77.78;100.00;75.00;74.07;79.78;91.67;84.85;71.70;64.44;79.07;85.71;76.09;63.89;58.54;
Municipios;0632;Gargantilla del Lozoya y Pinilla de Buitrago;100.00;77.14;87.50;88.00;87.80;89.13;87.50;88.89;83.33;77.08;76.19;75.51;88.52;78.79;83.10;80.00;94.52;53.15;63.64;
Municipios;0647;Gascones;94.00;81.48;79.07;81.40;90.32;88.00;83.33;92.86;90.00;77.78;79.31;87.93;77.36;73.33;61.36;68.42;65.67;28.00;56.25;
Municipios;0650;Getafe;90.46;87.04;86.97;85.79;87.49;89.03;89.39;86.71;87.61;87.15;87.41;87.44;87.57;85.68;87.90;89.74;89.40;67.25;59.47;
Municipios;0663;Griñón;88.22;79.34;81.52;79.76;82.28;83.99;79.67;77.50;76.71;79.02;83.23;81.27;79.28;78.47;77.75;76.06;75.93;39.09;37.65;
Municipios;0679;Guadalix de la Sierra;82.84;83.98;81.98;82.99;94.18;93.91;87.84;83.96;89.94;89.77;93.86;91.25;81.28;85.57;76.03;61.96;86.42;68.22;50.26;
Municipios;0685;Guadarrama;85.48;83.34;81.71;83.23;86.09;89.41;89.14;82.89;87.67;89.86;85.87;81.91;82.19;87.13;83.92;82.71;83.42;58.90;65.28;
Municipios;0698;Hiruela (La);86.32;87.01;65.12;85.19;75.56;87.80;92.50;78.79;87.50;82.93;73.53;84.38;78.85;73.33;76.36;96.30;80.43;54.90;42.86;
Municipios;0702;Horcajo de la Sierra-Aoslos;72.00;86.98;82.86;81.01;89.05;77.27;85.07;81.13;85.71;88.14;81.97;90.44;84.62;88.73;81.03;94.55;68.00;50.67;47.22;
Municipios;0719;Horcajuelo de la Sierra;94.06;85.34;77.88;86.02;74.65;94.35;92.55;87.50;84.38;75.61;91.67;74.47;81.48;73.47;85.19;91.13;82.19;63.60;50.00;
Municipios;0724;Hoyo de Manzanares;84.44;83.20;78.76;73.25;81.20;77.45;87.02;52.87;78.21;76.46;82.02;72.85;73.67;72.02;75.58;80.39;79.79;64.98;45.24;
Municipios;0730;Humanes de Madrid;86.65;81.78;81.99;78.31;81.66;83.41;83.37;79.58;77.19;80.08;79.01;75.12;72.65;73.29;80.12;76.93;76.59;46.50;35.27;
Municipios;0745;Leganés;86.96;83.47;83.49;81.33;84.92;85.83;85.77;83.82;84.51;85.63;85.34;85.67;83.91;81.89;83.94;83.71;82.22;51.50;51.69;
Municipios;0758;Loeches;89.02;78.95;84.91;86.09;90.40;93.41;93.42;92.62;91.15;90.69;88.55;86.61;86.16;81.88;84.77;86.20;86.26;54.55;47.09;
Municipios;0761;Lozoya;97.34;96.39;88.86;93.80;96.65;98.02;99.30;99.27;99.25;97.26;98.95;98.95;97.03;96.58;96.13;97.37;96.34;79.70;84.28;
Municipios;9015;Lozoyuela-Navas-Sieteiglesias;89.11;81.40;88.05;86.05;86.59;84.14;91.71;77.68;89.26;83.90;86.39;78.84;75.28;70.24;86.83;82.14;83.77;63.21;56.38;
Municipios;0783;Madarcos;84.31;81.46;79.22;76.49;80.45;84.10;82.35;82.30;83.82;84.39;80.15;79.09;82.20;77.21;75.69;82.22;74.46;43.43;48.83;
Municipios;0796;Madrid;85.93;81.97;80.19;80.71;84.04;84.89;86.04;79.90;84.08;83.89;83.54;83.17;82.85;81.76;82.82;80.70;79.40;54.76;50.93;
Municipios;0800;Majadahonda;85.51;79.33;77.51;76.04;80.28;81.87;84.40;67.02;79.61;80.21;79.08;78.24;76.24;76.15;75.69;76.07;77.54;46.85;47.33;
Municipios;0822;Manzanares el Real;89.47;83.73;82.19;83.77;86.97;88.47;91.63;74.11;84.06;84.39;81.63;85.78;85.81;86.16;85.14;84.34;81.30;61.92;55.86;
Municipios;0838;Meco;91.26;85.62;76.56;80.72;90.54;90.41;92.81;94.44;94.35;92.52;90.32;89.96;89.31;87.97;88.26;91.68;91.83;78.39;77.17;
Municipios;0843;Mejorada del Campo;88.27;85.23;85.94;85.81;88.13;86.82;87.26;84.88;86.28;85.90;83.20;81.63;78.17;77.34;77.91;80.04;80.69;52.17;40.02;
Municipios;0856;Miraflores de la Sierra;88.02;86.19;83.31;82.24;85.44;92.71;90.84;87.62;88.56;89.52;90.15;91.07;89.47;87.35;90.97;87.16;85.50;63.46;66.15;
Municipios;0869;Molar (El);87.22;82.48;83.31;77.58;83.04;86.11;86.56;81.18;82.38;81.19;79.22;80.77;82.75;77.57;80.15;82.55;79.40;39.87;56.36;
Municipios;0875;Molinos (Los);83.74;74.39;75.93;73.30;84.98;86.77;87.98;84.14;84.66;82.09;90.08;83.14;83.02;81.79;77.41;71.99;81.34;44.35;34.60;
Municipios;0881;Montejo de la Sierra;90.24;83.16;82.08;77.97;77.71;69.72;77.78;91.57;89.77;90.91;85.71;87.60;79.10;86.62;85.71;83.17;83.20;78.10;57.26;
Municipios;0894;Moraleja de Enmedio;81.62;78.53;79.61;83.94;89.58;93.32;94.57;94.84;91.97;89.80;90.48;92.71;89.38;90.75;91.13;94.98;75.69;43.77;32.64;
Municipios;0908;Moralzarzal;81.02;73.44;68.31;73.01;80.64;84.89;86.07;77.03;87.22;88.59;88.93;87.43;87.70;85.96;82.21;79.43;76.23;33.05;28.52;
Municipios;0915;Morata de Tajuña;83.60;85.76;80.07;82.96;90.96;88.94;89.64;86.21;84.87;83.40;84.72;87.06;84.27;82.16;84.60;87.11;83.85;51.44;59.01;
Municipios;0920;Móstoles;86.65;82.39;81.05;80.56;82.43;84.31;85.44;79.75;84.03;83.77;83.17;82.69;79.42;79.50;79.96;80.68;81.99;51.13;46.56;
Municipios;0936;Navacerrada;91.77;87.44;86.13;87.39;84.33;88.89;88.15;75.68;74.55;81.27;80.42;84.35;77.80;77.48;80.00;80.56;81.71;56.35;35.55;
Municipios;0941;Navalafuente;93.02;92.98;85.71;87.18;86.84;89.00;88.51;83.72;80.77;92.31;85.48;87.97;91.57;78.24;72.73;78.95;90.74;55.73;42.62;
Municipios;0954;Navalagamella;87.50;88.31;94.88;91.35;89.68;94.17;95.18;88.48;90.23;94.37;86.82;85.83;90.04;91.75;93.82;86.23;81.70;59.20;58.87;
Municipios;0967;Navalcarnero;86.01;83.31;83.44;82.54;86.18;84.52;88.48;85.35;90.58;87.01;85.47;84.02;82.82;83.53;86.70;85.10;83.01;43.42;47.24;
Municipios;0973;Navarredonda y San Mamés;89.23;77.02;62.20;70.92;89.86;94.64;95.24;90.00;90.71;79.63;82.89;90.29;84.93;90.74;90.78;81.67;83.87;69.05;70.11;
Municipios;0992;Navas del Rey;85.87;82.63;88.94;83.08;87.11;90.48;87.43;81.95;85.82;74.52;81.33;83.21;77.66;80.35;78.99;80.76;84.42;38.83;54.46;
Municipios;1006;Nuevo Baztán;79.96;83.70;76.23;74.94;81.30;79.72;74.97;63.04;82.20;92.04;79.48;81.20;79.17;70.30;70.09;72.43;60.96;33.23;36.29;
Municipios;1013;Olmeda de las Fuentes;88.37;76.60;93.48;78.57;82.86;82.93;89.47;62.07;83.33;69.57;84.62;80.00;61.54;66.67;76.67;71.15;59.09;59.09;55.26;
Municipios;1028;Orusco de Tajuña;85.22;79.88;85.48;73.00;89.13;91.92;94.87;80.52;97.18;84.91;76.85;84.55;81.75;77.89;76.62;80.00;77.63;72.16;67.78;
Municipios;1049;Paracuellos de Jarama;90.88;85.39;84.54;85.72;85.24;87.77;86.16;76.51;85.18;86.23;87.10;89.41;88.22;85.23;86.25;83.51;80.90;54.27;39.88;
Municipios;1065;Parla;88.25;83.61;82.82;81.49;83.07;84.55;85.56;82.29;82.59;80.74;81.03;81.99;80.73;78.16;80.48;80.62;82.98;62.23;48.17;
Municipios;1071;Patones;72.11;80.95;86.96;86.02;90.11;90.84;88.72;90.91;94.59;94.82;96.49;96.31;92.86;94.48;91.06;92.95;83.33;57.76;68.18;
Municipios;1087;Pedrezuela;83.87;83.67;84.74;75.97;78.86;76.75;88.25;79.25;75.13;76.21;76.78;78.38;77.07;74.72;70.51;74.31;65.87;42.73;37.00;
Municipios;1090;Pelayos de la Presa;83.67;85.60;82.01;83.92;80.28;89.19;87.14;78.26;85.41;86.32;84.06;85.27;85.15;81.27;79.70;84.37;79.47;47.78;50.72;
Municipios;1104;Perales de Tajuña;90.37;81.67;82.53;85.62;83.77;92.49;89.47;87.23;87.33;83.33;78.43;86.79;81.28;81.09;85.71;85.78;90.98;49.36;37.10;
Municipios;1111;Pezuela de las Torres;80.72;81.33;64.63;51.61;76.19;85.19;95.74;77.59;83.87;89.74;86.67;83.56;92.31;81.82;90.98;83.12;87.82;68.81;75.18;
Municipios;1126;Pinilla del Valle;76.00;84.21;88.00;100.00;94.03;100.00;95.83;76.47;82.35;100.00;100.00;90.48;100.00;100.00;95.35;80.95;80.49;64.10;63.16;
Municipios;1132;Pinto;86.92;83.10;82.73;83.27;85.97;88.93;90.61;88.60;86.59;87.09;87.01;86.13;86.09;85.84;89.32;89.62;88.76;64.09;57.22;
Municipios;1147;Piñuécar-Gandullas;96.15;88.81;33.85;10.62;19.27;86.79;94.44;88.89;88.24;91.67;33.33;88.46;68.97;87.50;83.33;69.23;96.30;90.48;53.85;
Municipios;1150;Pozuelo de Alarcón;82.82;76.50;73.23;74.84;82.29;82.84;81.42;69.15;79.36;80.75;82.78;83.60;82.23;82.59;82.05;77.89;74.80;55.84;54.36;
Municipios;1163;Pozuelo del Rey;91.08;84.21;87.17;89.76;78.13;84.85;77.05;88.46;85.56;78.16;84.82;73.23;75.00;80.20;81.58;77.22;75.00;42.86;34.94;
Municipios;1179;Prádena del Rincón;93.10;97.22;76.92;91.67;96.97;95.45;92.86;57.14;86.36;94.74;90.91;91.30;93.75;62.50;86.96;92.00;82.76;88.89;56.00;
Municipios;1185;Puebla de la Sierra;85.71;88.98;71.88;82.22;92.31;88.00;90.00;91.67;83.33;80.00;86.67;90.91;95.24;75.00;85.71;90.91;77.27;88.89;76.47;
Municipios;9020;Puentes Viejas;75.56;75.93;90.57;88.61;92.47;79.03;83.87;96.70;92.31;96.49;96.75;87.72;92.31;85.51;89.47;87.72;95.65;56.84;40.74;
Municipios;1198;Quijorna;97.53;93.26;88.74;92.80;90.18;86.13;87.25;79.85;83.65;88.46;81.48;92.42;89.67;90.45;92.77;90.24;82.47;71.02;55.30;
Municipios;1202;Rascafría;97.48;93.02;94.81;95.81;94.82;90.13;96.21;96.29;95.09;92.44;81.44;79.20;76.40;78.42;85.35;83.15;75.66;49.17;59.22;
Municipios;1219;Redueña;77.33;87.14;95.24;92.86;82.22;93.68;100.00;86.36;92.86;90.74;50.00;67.86;90.16;69.05;80.00;74.42;85.00;66.67;59.52;
Municipios;1224;Ribatejada;82.69;85.07;87.67;79.10;88.89;89.47;88.68;83.08;91.53;93.55;85.56;87.72;94.71;95.04;98.82;93.75;86.92;69.11;83.82;
Municipios;1230;Rivas-Vaciamadrid;89.67;84.82;81.57;80.42;83.32;84.70;89.21;83.14;87.92;81.49;81.45;81.62;81.07;77.52;79.62;79.90;80.57;51.51;41.62;
Municipios;1245;Robledillo de la Jara;71.43;79.33;72.34;93.33;93.75;92.00;92.31;81.82;66.67;93.33;93.33;82.35;78.57;100.00;100.00;100.00;61.54;87.50;56.52;
Municipios;1258;Robledo de Chavela;81.15;78.59;78.59;81.43;81.25;81.34;86.46;79.87;78.74;82.13;90.95;88.86;90.14;90.69;87.24;83.85;85.12;64.90;52.13;
Municipios;1261;Robregordo;85.71;87.50;83.33;66.67;77.78;100.00;87.50;100.00;50.00;83.33;71.43;87.50;100.00;64.29;85.71;93.75;100.00;81.82;90.00;
Municipios;1277;Rozas de Madrid (Las);78.75;71.61;67.98;70.70;78.40;81.13;81.91;70.59;82.29;81.55;84.05;81.10;76.40;77.41;78.38;80.51;74.50;42.91;36.60;
Municipios;1283;Rozas de Puerto Real;90.38;88.64;90.00;94.25;82.93;95.65;91.46;87.69;78.31;96.00;91.21;90.08;89.17;82.57;91.83;81.19;89.26;58.90;53.13;
Municipios;1296;San Agustín del Guadalix;88.96;87.75;88.48;83.45;85.48;89.72;89.71;86.12;92.44;87.78;81.21;80.67;78.62;78.03;81.30;79.31;80.32;66.18;54.80;
Municipios;1300;San Fernando de Henares;84.43;79.41;78.53;76.13;81.34;82.31;82.79;83.53;84.90;85.28;84.40;88.08;84.01;83.97;85.41;83.68;84.64;60.41;56.56;
Municipios;1317;San Lorenzo de El Escorial;86.58;80.34;79.08;81.36;86.17;86.11;87.80;80.82;90.98;89.38;91.82;87.32;87.03;90.15;89.71;86.18;82.51;66.09;62.26;
Municipios;1338;San Martín de Valdeiglesias;90.44;83.36;85.77;89.08;88.88;86.93;90.37;85.97;89.88;87.51;90.31;85.76;89.40;87.80;87.84;88.98;85.13;57.32;57.05;
Municipios;1322;San Martín de la Vega;85.58;79.73;81.70;82.12;88.55;88.78;89.93;88.93;91.29;90.06;86.39;86.45;86.02;84.65;87.02;81.55;84.86;59.15;46.49;
Municipios;1343;San Sebastián de los Reyes;89.71;84.23;80.45;80.65;85.26;85.71;87.22;79.89;86.85;86.06;86.30;86.65;85.38;82.94;84.41;86.56;85.75;64.31;55.64;
Municipios;1356;Santa María de la Alameda;89.77;84.31;84.21;86.05;96.08;92.78;95.61;86.76;84.00;81.82;82.00;83.56;89.32;84.93;84.35;87.91;81.03;50.45;52.27;
Municipios;1369;Santorcaz;95.68;86.61;89.74;88.04;95.35;91.43;96.15;92.31;96.23;88.46;89.47;90.20;93.10;64.10;85.71;80.65;92.16;41.98;61.25;
Municipios;1375;Santos de la Humosa (Los);94.83;84.38;72.95;80.99;79.12;81.58;83.72;76.77;83.02;80.58;87.31;84.21;84.31;82.88;70.75;75.61;69.81;38.36;32.52;
Municipios;1381;Serna del Monte (La);76.92;82.35;86.96;70.00;92.31;77.27;50.00;80.00;85.71;83.33;83.33;80.00;100.00;88.24;58.33;62.50;94.12;28.57;58.82;
Municipios;1408;Serranillos del Valle;85.98;80.96;78.74;81.44;81.09;88.30;86.68;82.24;85.48;81.87;77.55;81.10;68.76;82.60;89.77;77.52;79.75;49.84;31.40;
Municipios;1415;Sevilla la Nueva;80.56;72.52;75.81;78.49;83.66;87.13;85.97;79.13;81.58;86.09;79.38;84.52;83.35;84.19;84.05;80.67;81.58;48.27;51.12;
Municipios;1436;Somosierra;90.74;66.67;84.38;86.96;94.74;93.10;80.95;91.14;90.00;68.00;62.50;73.68;65.63;89.23;89.13;71.43;83.33;51.35;25.81;
Municipios;1441;Soto del Real;86.29;81.51;78.39;79.01;78.64;84.40;85.61;68.39;79.97;76.78;76.08;78.24;70.12;71.49;77.82;77.95;80.40;44.56;35.29;
Municipios;1454;Talamanca de Jarama;87.45;86.03;90.54;82.24;85.80;95.89;87.19;63.16;88.54;90.72;90.39;84.50;81.40;80.14;89.13;74.25;82.23;74.67;68.77;
Municipios;1467;Tielmes;85.77;76.00;82.89;83.97;96.77;98.70;89.95;78.03;82.76;83.80;89.27;90.46;79.58;84.33;84.11;82.85;90.82;71.18;72.84;
Municipios;1473;Titulcia;82.88;80.74;88.83;91.26;84.62;93.75;91.25;86.96;90.14;79.79;85.19;85.44;84.30;70.12;89.51;87.18;91.09;84.77;83.78;
Municipios;1489;Torrejón de Ardoz;88.02;83.33;80.58;80.34;82.64;85.85;87.49;83.43;85.07;86.35;86.47;90.28;89.81;88.04;87.58;85.72;86.16;60.69;56.71;
Municipios;1505;Torrejón de Velasco;83.04;75.00;78.08;89.16;87.64;87.88;86.22;77.37;84.49;90.23;83.80;75.57;84.44;60.73;81.50;84.05;74.94;33.24;15.80;
Municipios;1492;Torrejón de la Calzada;82.54;75.43;74.67;72.96;81.17;79.23;80.29;75.63;78.52;78.66;80.49;79.80;82.54;78.94;82.75;78.73;80.04;46.79;34.17;
Municipios;1512;Torrelaguna;84.18;76.57;78.01;81.63;80.21;84.21;85.56;82.72;80.92;85.37;86.50;86.99;94.41;80.55;93.51;90.73;84.72;72.25;73.56;
Municipios;1527;Torrelodones;86.05;79.62;76.05;81.49;87.30;90.55;93.25;78.15;87.92;86.69;88.01;86.64;88.39;87.97;86.78;79.70;77.10;55.78;51.93;
Municipios;1533;Torremocha de Jarama;88.37;79.60;80.77;65.26;89.71;78.57;89.23;80.92;87.97;83.03;94.33;81.50;86.01;86.79;88.11;86.43;88.68;79.23;66.04;
Municipios;1548;Torres de la Alameda;81.60;77.37;79.58;81.45;80.07;84.36;83.56;84.62;84.06;87.75;88.58;84.81;85.06;82.39;83.64;84.29;83.68;54.59;46.38;
Municipios;9036;Tres Cantos;86.88;82.81;82.52;85.15;85.35;88.99;88.74;84.09;87.36;84.80;83.58;81.56;81.67;80.02;82.04;82.44;84.57;64.05;60.92;
Municipios;1551;Valdaracete;96.30;87.27;86.84;90.57;90.57;94.83;96.69;92.11;90.28;98.14;96.19;90.79;90.32;93.90;88.10;91.38;89.74;67.53;62.96;
Municipios;1564;Valdeavero;86.62;76.43;80.48;69.66;82.42;89.59;81.15;73.08;82.14;77.44;83.69;73.95;74.55;77.51;84.00;77.03;70.59;43.56;38.57;
Municipios;1570;Valdelaguna;94.74;89.52;91.87;88.66;94.81;100.00;88.57;85.71;94.12;97.37;99.43;98.86;98.47;97.50;83.78;96.15;86.76;69.23;68.75;
Municipios;1586;Valdemanco;84.85;92.00;90.14;80.39;93.62;78.26;100.00;83.33;96.00;87.93;84.21;92.73;92.86;73.97;69.39;84.21;78.00;52.27;36.67;
Municipios;1599;Valdemaqueda;95.95;82.98;90.80;89.55;100.00;93.10;94.74;96.67;93.06;92.65;91.55;98.86;90.16;90.57;93.02;87.78;87.69;49.18;36.90;
Municipios;1603;Valdemorillo;91.56;85.11;88.07;87.36;87.80;90.05;88.36;77.36;85.41;85.69;85.48;85.02;88.36;84.75;85.75;78.02;83.16;44.12;47.51;
Municipios;1610;Valdemoro;90.38;85.80;84.73;81.58;85.54;85.61;87.40;82.87;84.60;83.75;86.50;82.59;78.78;76.87;78.46;86.75;91.03;61.78;68.86;
Municipios;1625;Valdeolmos-Alalpardo;87.94;64.18;67.23;76.00;84.43;82.89;84.15;75.36;80.56;89.92;81.86;90.31;95.49;88.88;93.65;90.28;92.87;81.30;72.34;
Municipios;1631;Valdepiélagos;82.69;95.24;93.07;87.50;97.83;84.62;88.24;42.86;82.35;70.83;66.67;67.86;73.68;74.19;71.43;72.73;83.82;68.83;79.71;
Municipios;1646;Valdetorres de Jarama;81.54;78.70;79.82;77.34;87.61;84.06;73.59;81.75;84.26;81.13;77.52;80.78;73.90;76.76;77.30;83.16;78.79;56.75;40.72;
Municipios;1659;Valdilecha;86.51;76.11;78.95;79.15;80.60;84.43;87.96;74.55;75.77;81.21;85.09;85.77;85.06;86.86;85.74;79.60;79.89;67.39;66.51;
Municipios;1662;Valverde de Alcalá;89.47;75.00;92.59;78.46;95.12;79.49;84.48;76.47;87.10;84.62;99.74;98.21;95.03;95.31;89.55;100.00;96.08;94.69;95.40;
Municipios;1678;Velilla de San Antonio;78.18;64.36;68.87;71.05;81.17;83.02;81.19;81.59;83.10;81.80;81.58;77.54;78.36;75.88;80.77;80.15;80.57;35.45;21.27;
Municipios;1684;Vellón (El);97.89;88.59;88.81;85.71;97.65;85.85;90.63;72.62;83.64;68.75;61.29;61.11;88.46;79.17;85.71;92.31;86.17;55.68;53.57;
Municipios;1697;Venturada;93.04;90.82;86.16;81.75;85.96;78.74;89.08;76.55;77.32;91.54;82.42;88.08;88.55;63.30;41.73;80.29;89.14;42.99;33.95;
Municipios;1718;Villa del Prado;93.65;87.05;87.44;91.64;94.06;93.84;90.60;91.73;92.66;90.77;90.65;84.05;94.55;91.26;89.63;90.46;90.50;52.27;44.97;
Municipios;1701;Villaconejos;95.74;87.96;86.66;86.52;89.82;91.32;94.61;93.47;90.14;92.99;91.45;91.62;95.25;92.82;94.44;92.18;86.26;55.61;64.82;
Municipios;1723;Villalbilla;86.02;82.57;85.35;85.97;87.03;86.47;89.15;84.05;85.20;87.40;86.20;85.78;82.72;81.91;87.54;82.00;79.62;50.10;54.31;
Municipios;1739;Villamanrique de Tajo;96.36;90.28;77.61;88.37;94.55;92.44;98.31;95.31;94.87;90.20;95.77;97.44;95.21;94.89;97.84;98.40;96.14;35.94;23.54;
Municipios;1744;Villamanta;86.34;78.95;77.24;83.24;82.23;88.08;87.02;79.73;87.80;89.43;82.91;87.44;87.92;91.59;88.11;93.95;90.09;57.05;58.45;
Municipios;1757;Villamantilla;95.98;87.58;84.00;91.67;81.82;85.59;92.31;83.52;89.80;93.26;85.07;84.40;87.83;85.90;83.70;90.77;80.77;47.69;22.02;
Municipios;1782;Villanueva de Perales;84.91;72.67;72.32;70.85;79.28;80.79;81.66;78.04;82.22;85.96;83.87;93.01;76.52;75.00;76.79;80.19;85.03;82.67;77.52;
Municipios;1760;Villanueva de la Cañada;81.59;77.80;82.20;80.39;80.07;83.63;82.76;69.63;80.17;77.16;78.74;77.73;76.70;76.37;80.34;74.42;70.92;34.78;27.04;
Municipios;1776;Villanueva del Pardillo;84.91;74.14;78.01;77.19;74.76;82.49;84.73;64.96;71.49;73.41;72.82;72.86;70.74;68.12;77.91;74.29;74.62;43.32;45.63;
Municipios;1795;Villar del Olmo;82.47;68.56;74.73;84.01;89.30;86.43;88.53;84.62;89.47;89.82;82.64;80.54;82.48;68.64;80.50;77.37;81.88;45.33;28.00;
Municipios;1809;Villarejo de Salvanés;89.14;84.57;84.17;86.72;89.77;93.69;95.72;94.97;96.82;96.24;95.55;96.59;95.68;93.44;93.53;95.95;94.19;70.96;68.73;
Municipios;1816;Villaviciosa de Odón;83.27;78.40;78.93;78.11;79.09;81.97;89.41;82.19;88.75;86.83;83.97;83.92;82.83;78.87;87.18;78.23;80.75;42.69;46.54;
Municipios;1821;Villavieja del Lozoya;86.67;82.61;90.00;85.00;95.65;94.74;100.00;90.00;91.67;86.21;100.00;80.95;96.67;89.47;100.00;97.06;82.76;87.50;67.74;
Municipios;1837;Zarzalejo;85.51;74.53;80.95;87.40;86.70;89.16;94.61;80.19;87.50;83.22;85.53;77.78;93.53;89.11;89.08;91.16;78.61;61.21;74.66;
Notas;
Los contratos se contabilizan en función de la ubicación del municipio donde se sitúa el centro de trabajo.;
